configuration,case,asynchronous,roots,semantic_sha256,events,nodes
matrix/c146-b1/fifo-equivalence.json,single,False,1,a15bc136529080cafd68138940696a8acab06b678e5ec698d612d59f86ef2ced,12,81
matrix/c146-b1/fifo-equivalence.json,mixed-three,False,3,522a0defe71b33d2fe94ef47a56ad1aa27a8b13b63caac9f3a4a4257913f8146,24,194
matrix/c146-b1/fifo-equivalence.json,mixed-sixteen,False,16,f8c9fc4675bb6e942cfd08e5d2067e8efbc65120ef5e23c16842cb256934b594,134,1069
matrix/c146-b1/fifo-equivalence.json,neural-cap,False,3,99f7d98edb933246655a601c81f8325045aa31bb563e53a6fd4e3cfb79abda8a,27,207
matrix/c146-b1/fifo-equivalence.json,terminal-only,False,2,ff84ec95e04785ddcbbe5f8a4f10d76fce93f589f883b9b10c1265072ab6ec05,1,2
matrix/c146-b1/fifo-equivalence.json,single,True,1,29ccdaa22aecee84310b2a0b29999e818551d8de70f3d765bbc2b0264fdb8073,12,81
matrix/c146-b1/fifo-equivalence.json,mixed-three,True,3,622c64ed3ecfa5e2bb13577a18cfd4ba593dde555a06e9d4b8af98400bbfec54,24,194
matrix/c146-b1/fifo-equivalence.json,mixed-sixteen,True,16,9aab85458f269b2a2957df446fb3094256f641122bdb3898c40b08f3a6668ed1,134,1069
matrix/c146-b1/fifo-equivalence.json,neural-cap,True,3,8eaff2a75dbc2f2a28d516dc1a49f8665fdc084da81be339465c1ccfb3bb7f6a,27,207
matrix/c146-b1/fifo-equivalence.json,terminal-only,True,2,8123a27025c1bc80d4bd208e6bc20f3bc6903541819bb10d49ea9e4ac33ad9ce,1,2
matrix/c146-b16/fifo-equivalence.json,single,False,1,cd2f7f0e07392b2d48400d524d25a9e2247a03d6395fb2944b3554c7038a3a6b,12,81
matrix/c146-b16/fifo-equivalence.json,mixed-three,False,3,dc3523c7fbea635ee2eb9c3c2c3698719eb2170b25d892c15923311beb585a0c,20,194
matrix/c146-b16/fifo-equivalence.json,mixed-sixteen,False,16,2a6c4a1b58e2d04c60c05ab87785394931f1a4e15058d47116d31750ab4193fe,94,1069
matrix/c146-b16/fifo-equivalence.json,neural-cap,False,3,f544e16b4dacf5596f7660b0075223be9206435a718940fcd0ffc22f53ab6af9,21,207
matrix/c146-b16/fifo-equivalence.json,terminal-only,False,2,ff84ec95e04785ddcbbe5f8a4f10d76fce93f589f883b9b10c1265072ab6ec05,1,2
matrix/c146-b16/fifo-equivalence.json,single,True,1,c115bb688d0f3e2c561fe563893ae7e9f6d4eae11cbb206576ebab14720fb06c,12,81
matrix/c146-b16/fifo-equivalence.json,mixed-three,True,3,5e13983e1857f04930278fa60a9d7c8d02cde03f3f5ed7815ad5a7b223bcb8ae,20,194
matrix/c146-b16/fifo-equivalence.json,mixed-sixteen,True,16,57bddf41e58430018716f671f90a2536ce2cd2f41ac4df61bb854fd0839feea8,94,1069
matrix/c146-b16/fifo-equivalence.json,neural-cap,True,3,b44f9f60158e5e0ec892ec21b79920909ed752a990bf74a505accf1e4c728b62,21,207
matrix/c146-b16/fifo-equivalence.json,terminal-only,True,2,8123a27025c1bc80d4bd208e6bc20f3bc6903541819bb10d49ea9e4ac33ad9ce,1,2
matrix/c146-b2/fifo-equivalence.json,single,False,1,96e61287159adc071589a9ff634a7847a15ca173e52cdab9ba60d1e4d1e2cabd,12,81
matrix/c146-b2/fifo-equivalence.json,mixed-three,False,3,4337fd5e72194ffa9fc4f948af3ac28a13bcce424d60588789782d978ff26285,20,194
matrix/c146-b2/fifo-equivalence.json,mixed-sixteen,False,16,8bdf543cac7e337aedb203658a1e5cf87edc718fbc15b8cda2b15ace0bd6017d,112,1069
matrix/c146-b2/fifo-equivalence.json,neural-cap,False,3,09a6125bb52051658258cf190206e4de830e4b64453b00e6452f5ff75b9c527f,23,207
matrix/c146-b2/fifo-equivalence.json,terminal-only,False,2,ff84ec95e04785ddcbbe5f8a4f10d76fce93f589f883b9b10c1265072ab6ec05,1,2
matrix/c146-b2/fifo-equivalence.json,single,True,1,61418dcc62780e1eab09300e9a2776ee2969db2722543cf3c4054674f1e9f754,12,81
matrix/c146-b2/fifo-equivalence.json,mixed-three,True,3,2b824f2e446021b45088e51c8aa3cbc93917d4d2765f94a0031a4b39bd819355,20,194
matrix/c146-b2/fifo-equivalence.json,mixed-sixteen,True,16,f0f23ffea8571926c5680d763a5b011d9f0f5b6e5c3b90d5d616d416bb3e39d1,112,1069
matrix/c146-b2/fifo-equivalence.json,neural-cap,True,3,577bc9656e24cd737ee5319beab1cbfcba050737c1b8afdb1be063023a30f465,23,207
matrix/c146-b2/fifo-equivalence.json,terminal-only,True,2,8123a27025c1bc80d4bd208e6bc20f3bc6903541819bb10d49ea9e4ac33ad9ce,1,2
matrix/c146-b4/fifo-equivalence-ubsan.json,single,False,1,e5dacee183adc239b4d6c6c2fdc81d36f0a6efe7b324c74d40404ac0a1e050ee,12,81
matrix/c146-b4/fifo-equivalence-ubsan.json,mixed-three,False,3,b104e4d748545973137437e3e9bfaf0e90745a63f410d55b648ea8cfdb7402fc,20,194
matrix/c146-b4/fifo-equivalence-ubsan.json,mixed-sixteen,False,16,de235449bd7bcf809851a2320238cc366d2fe6ceefb4bfa76956914bbe4523ef,101,1069
matrix/c146-b4/fifo-equivalence-ubsan.json,neural-cap,False,3,2153b9bec4fdfb9d215a825adb8bbc67cd5d647c6613389e858f5a1eda3f2569,21,207
matrix/c146-b4/fifo-equivalence-ubsan.json,terminal-only,False,2,ff84ec95e04785ddcbbe5f8a4f10d76fce93f589f883b9b10c1265072ab6ec05,1,2
matrix/c146-b4/fifo-equivalence-ubsan.json,single,True,1,991ee1a76b1871c1c4fe52bf6de74cacfde19812b6e1608b8231af012855c4c4,12,81
matrix/c146-b4/fifo-equivalence-ubsan.json,mixed-three,True,3,5c396d1a09a61d5462502e3cd2b7417804a2702829c2f0c054a8d81bc49c5751,20,194
matrix/c146-b4/fifo-equivalence-ubsan.json,mixed-sixteen,True,16,c30f1b8126e3363ff5a5cf44d7204f722debef9280162e6b588b9fe302e1c2b1,101,1069
matrix/c146-b4/fifo-equivalence-ubsan.json,neural-cap,True,3,1ebb05899d89e51a176e6607f2fc2303381d97760ed07cddc00e15f0d41e97f6,21,207
matrix/c146-b4/fifo-equivalence-ubsan.json,terminal-only,True,2,8123a27025c1bc80d4bd208e6bc20f3bc6903541819bb10d49ea9e4ac33ad9ce,1,2
matrix/c146-b4/fifo-equivalence.json,single,False,1,e5dacee183adc239b4d6c6c2fdc81d36f0a6efe7b324c74d40404ac0a1e050ee,12,81
matrix/c146-b4/fifo-equivalence.json,mixed-three,False,3,b104e4d748545973137437e3e9bfaf0e90745a63f410d55b648ea8cfdb7402fc,20,194
matrix/c146-b4/fifo-equivalence.json,mixed-sixteen,False,16,de235449bd7bcf809851a2320238cc366d2fe6ceefb4bfa76956914bbe4523ef,101,1069
matrix/c146-b4/fifo-equivalence.json,neural-cap,False,3,2153b9bec4fdfb9d215a825adb8bbc67cd5d647c6613389e858f5a1eda3f2569,21,207
matrix/c146-b4/fifo-equivalence.json,terminal-only,False,2,ff84ec95e04785ddcbbe5f8a4f10d76fce93f589f883b9b10c1265072ab6ec05,1,2
matrix/c146-b4/fifo-equivalence.json,single,True,1,991ee1a76b1871c1c4fe52bf6de74cacfde19812b6e1608b8231af012855c4c4,12,81
matrix/c146-b4/fifo-equivalence.json,mixed-three,True,3,5c396d1a09a61d5462502e3cd2b7417804a2702829c2f0c054a8d81bc49c5751,20,194
matrix/c146-b4/fifo-equivalence.json,mixed-sixteen,True,16,c30f1b8126e3363ff5a5cf44d7204f722debef9280162e6b588b9fe302e1c2b1,101,1069
matrix/c146-b4/fifo-equivalence.json,neural-cap,True,3,1ebb05899d89e51a176e6607f2fc2303381d97760ed07cddc00e15f0d41e97f6,21,207
matrix/c146-b4/fifo-equivalence.json,terminal-only,True,2,8123a27025c1bc80d4bd208e6bc20f3bc6903541819bb10d49ea9e4ac33ad9ce,1,2
matrix/c146-b8/fifo-equivalence.json,single,False,1,d927232736472963074c40696e30861e9a40f58a36b7bd0596a697246aea6ac4,12,81
matrix/c146-b8/fifo-equivalence.json,mixed-three,False,3,3833865a3658ed9290f2c7173f78fe1a0da8e238e4481222b0db7c647e84b7a9,20,194
matrix/c146-b8/fifo-equivalence.json,mixed-sixteen,False,16,40fa2d60e9998b546669a60cd505d248b8049658420f2aa70372b459b979ad64,96,1069
matrix/c146-b8/fifo-equivalence.json,neural-cap,False,3,b2674dbb18383266409153f991f661be9f015cca935183c6fd2a155b916147dd,21,207
matrix/c146-b8/fifo-equivalence.json,terminal-only,False,2,ff84ec95e04785ddcbbe5f8a4f10d76fce93f589f883b9b10c1265072ab6ec05,1,2
matrix/c146-b8/fifo-equivalence.json,single,True,1,0648c4843edc072d64bfde3ff4381be58c002a6987520721e0cb1713bb563da3,12,81
matrix/c146-b8/fifo-equivalence.json,mixed-three,True,3,f7fa56844dcb97332426ec01b5b0a693d215ef3d46479eb721f57d6c413439b6,20,194
matrix/c146-b8/fifo-equivalence.json,mixed-sixteen,True,16,086374cc8bb0638eb89531d134ce444fe71b05332f889266a00333076856283d,96,1069
matrix/c146-b8/fifo-equivalence.json,neural-cap,True,3,4ab5ebd4aada72408afa381e0f36fbe8244be56973e606906b590fc3d23bf98c,21,207
matrix/c146-b8/fifo-equivalence.json,terminal-only,True,2,8123a27025c1bc80d4bd208e6bc20f3bc6903541819bb10d49ea9e4ac33ad9ce,1,2
matrix/c175-b1/fifo-equivalence.json,single,False,1,a15bc136529080cafd68138940696a8acab06b678e5ec698d612d59f86ef2ced,12,81
matrix/c175-b1/fifo-equivalence.json,mixed-three,False,3,522a0defe71b33d2fe94ef47a56ad1aa27a8b13b63caac9f3a4a4257913f8146,24,194
matrix/c175-b1/fifo-equivalence.json,mixed-sixteen,False,16,f8c9fc4675bb6e942cfd08e5d2067e8efbc65120ef5e23c16842cb256934b594,134,1069
matrix/c175-b1/fifo-equivalence.json,neural-cap,False,3,99f7d98edb933246655a601c81f8325045aa31bb563e53a6fd4e3cfb79abda8a,27,207
matrix/c175-b1/fifo-equivalence.json,terminal-only,False,2,ff84ec95e04785ddcbbe5f8a4f10d76fce93f589f883b9b10c1265072ab6ec05,1,2
matrix/c175-b1/fifo-equivalence.json,single,True,1,29ccdaa22aecee84310b2a0b29999e818551d8de70f3d765bbc2b0264fdb8073,12,81
matrix/c175-b1/fifo-equivalence.json,mixed-three,True,3,622c64ed3ecfa5e2bb13577a18cfd4ba593dde555a06e9d4b8af98400bbfec54,24,194
matrix/c175-b1/fifo-equivalence.json,mixed-sixteen,True,16,9aab85458f269b2a2957df446fb3094256f641122bdb3898c40b08f3a6668ed1,134,1069
matrix/c175-b1/fifo-equivalence.json,neural-cap,True,3,8eaff2a75dbc2f2a28d516dc1a49f8665fdc084da81be339465c1ccfb3bb7f6a,27,207
matrix/c175-b1/fifo-equivalence.json,terminal-only,True,2,8123a27025c1bc80d4bd208e6bc20f3bc6903541819bb10d49ea9e4ac33ad9ce,1,2
matrix/c175-b16/fifo-equivalence.json,single,False,1,cd2f7f0e07392b2d48400d524d25a9e2247a03d6395fb2944b3554c7038a3a6b,12,81
matrix/c175-b16/fifo-equivalence.json,mixed-three,False,3,dc3523c7fbea635ee2eb9c3c2c3698719eb2170b25d892c15923311beb585a0c,20,194
matrix/c175-b16/fifo-equivalence.json,mixed-sixteen,False,16,2a6c4a1b58e2d04c60c05ab87785394931f1a4e15058d47116d31750ab4193fe,94,1069
matrix/c175-b16/fifo-equivalence.json,neural-cap,False,3,f544e16b4dacf5596f7660b0075223be9206435a718940fcd0ffc22f53ab6af9,21,207
matrix/c175-b16/fifo-equivalence.json,terminal-only,False,2,ff84ec95e04785ddcbbe5f8a4f10d76fce93f589f883b9b10c1265072ab6ec05,1,2
matrix/c175-b16/fifo-equivalence.json,single,True,1,c115bb688d0f3e2c561fe563893ae7e9f6d4eae11cbb206576ebab14720fb06c,12,81
matrix/c175-b16/fifo-equivalence.json,mixed-three,True,3,5e13983e1857f04930278fa60a9d7c8d02cde03f3f5ed7815ad5a7b223bcb8ae,20,194
matrix/c175-b16/fifo-equivalence.json,mixed-sixteen,True,16,57bddf41e58430018716f671f90a2536ce2cd2f41ac4df61bb854fd0839feea8,94,1069
matrix/c175-b16/fifo-equivalence.json,neural-cap,True,3,b44f9f60158e5e0ec892ec21b79920909ed752a990bf74a505accf1e4c728b62,21,207
matrix/c175-b16/fifo-equivalence.json,terminal-only,True,2,8123a27025c1bc80d4bd208e6bc20f3bc6903541819bb10d49ea9e4ac33ad9ce,1,2
matrix/c175-b2/fifo-equivalence.json,single,False,1,96e61287159adc071589a9ff634a7847a15ca173e52cdab9ba60d1e4d1e2cabd,12,81
matrix/c175-b2/fifo-equivalence.json,mixed-three,False,3,4337fd5e72194ffa9fc4f948af3ac28a13bcce424d60588789782d978ff26285,20,194
matrix/c175-b2/fifo-equivalence.json,mixed-sixteen,False,16,8bdf543cac7e337aedb203658a1e5cf87edc718fbc15b8cda2b15ace0bd6017d,112,1069
matrix/c175-b2/fifo-equivalence.json,neural-cap,False,3,09a6125bb52051658258cf190206e4de830e4b64453b00e6452f5ff75b9c527f,23,207
matrix/c175-b2/fifo-equivalence.json,terminal-only,False,2,ff84ec95e04785ddcbbe5f8a4f10d76fce93f589f883b9b10c1265072ab6ec05,1,2
matrix/c175-b2/fifo-equivalence.json,single,True,1,61418dcc62780e1eab09300e9a2776ee2969db2722543cf3c4054674f1e9f754,12,81
matrix/c175-b2/fifo-equivalence.json,mixed-three,True,3,2b824f2e446021b45088e51c8aa3cbc93917d4d2765f94a0031a4b39bd819355,20,194
matrix/c175-b2/fifo-equivalence.json,mixed-sixteen,True,16,f0f23ffea8571926c5680d763a5b011d9f0f5b6e5c3b90d5d616d416bb3e39d1,112,1069
matrix/c175-b2/fifo-equivalence.json,neural-cap,True,3,577bc9656e24cd737ee5319beab1cbfcba050737c1b8afdb1be063023a30f465,23,207
matrix/c175-b2/fifo-equivalence.json,terminal-only,True,2,8123a27025c1bc80d4bd208e6bc20f3bc6903541819bb10d49ea9e4ac33ad9ce,1,2
matrix/c175-b4/fifo-equivalence-ubsan.json,single,False,1,e5dacee183adc239b4d6c6c2fdc81d36f0a6efe7b324c74d40404ac0a1e050ee,12,81
matrix/c175-b4/fifo-equivalence-ubsan.json,mixed-three,False,3,b104e4d748545973137437e3e9bfaf0e90745a63f410d55b648ea8cfdb7402fc,20,194
matrix/c175-b4/fifo-equivalence-ubsan.json,mixed-sixteen,False,16,de235449bd7bcf809851a2320238cc366d2fe6ceefb4bfa76956914bbe4523ef,101,1069
matrix/c175-b4/fifo-equivalence-ubsan.json,neural-cap,False,3,2153b9bec4fdfb9d215a825adb8bbc67cd5d647c6613389e858f5a1eda3f2569,21,207
matrix/c175-b4/fifo-equivalence-ubsan.json,terminal-only,False,2,ff84ec95e04785ddcbbe5f8a4f10d76fce93f589f883b9b10c1265072ab6ec05,1,2
matrix/c175-b4/fifo-equivalence-ubsan.json,single,True,1,991ee1a76b1871c1c4fe52bf6de74cacfde19812b6e1608b8231af012855c4c4,12,81
matrix/c175-b4/fifo-equivalence-ubsan.json,mixed-three,True,3,5c396d1a09a61d5462502e3cd2b7417804a2702829c2f0c054a8d81bc49c5751,20,194
matrix/c175-b4/fifo-equivalence-ubsan.json,mixed-sixteen,True,16,c30f1b8126e3363ff5a5cf44d7204f722debef9280162e6b588b9fe302e1c2b1,101,1069
matrix/c175-b4/fifo-equivalence-ubsan.json,neural-cap,True,3,1ebb05899d89e51a176e6607f2fc2303381d97760ed07cddc00e15f0d41e97f6,21,207
matrix/c175-b4/fifo-equivalence-ubsan.json,terminal-only,True,2,8123a27025c1bc80d4bd208e6bc20f3bc6903541819bb10d49ea9e4ac33ad9ce,1,2
matrix/c175-b4/fifo-equivalence.json,single,False,1,e5dacee183adc239b4d6c6c2fdc81d36f0a6efe7b324c74d40404ac0a1e050ee,12,81
matrix/c175-b4/fifo-equivalence.json,mixed-three,False,3,b104e4d748545973137437e3e9bfaf0e90745a63f410d55b648ea8cfdb7402fc,20,194
matrix/c175-b4/fifo-equivalence.json,mixed-sixteen,False,16,de235449bd7bcf809851a2320238cc366d2fe6ceefb4bfa76956914bbe4523ef,101,1069
matrix/c175-b4/fifo-equivalence.json,neural-cap,False,3,2153b9bec4fdfb9d215a825adb8bbc67cd5d647c6613389e858f5a1eda3f2569,21,207
matrix/c175-b4/fifo-equivalence.json,terminal-only,False,2,ff84ec95e04785ddcbbe5f8a4f10d76fce93f589f883b9b10c1265072ab6ec05,1,2
matrix/c175-b4/fifo-equivalence.json,single,True,1,991ee1a76b1871c1c4fe52bf6de74cacfde19812b6e1608b8231af012855c4c4,12,81
matrix/c175-b4/fifo-equivalence.json,mixed-three,True,3,5c396d1a09a61d5462502e3cd2b7417804a2702829c2f0c054a8d81bc49c5751,20,194
matrix/c175-b4/fifo-equivalence.json,mixed-sixteen,True,16,c30f1b8126e3363ff5a5cf44d7204f722debef9280162e6b588b9fe302e1c2b1,101,1069
matrix/c175-b4/fifo-equivalence.json,neural-cap,True,3,1ebb05899d89e51a176e6607f2fc2303381d97760ed07cddc00e15f0d41e97f6,21,207
matrix/c175-b4/fifo-equivalence.json,terminal-only,True,2,8123a27025c1bc80d4bd208e6bc20f3bc6903541819bb10d49ea9e4ac33ad9ce,1,2
matrix/c175-b8/fifo-equivalence.json,single,False,1,d927232736472963074c40696e30861e9a40f58a36b7bd0596a697246aea6ac4,12,81
matrix/c175-b8/fifo-equivalence.json,mixed-three,False,3,3833865a3658ed9290f2c7173f78fe1a0da8e238e4481222b0db7c647e84b7a9,20,194
matrix/c175-b8/fifo-equivalence.json,mixed-sixteen,False,16,40fa2d60e9998b546669a60cd505d248b8049658420f2aa70372b459b979ad64,96,1069
matrix/c175-b8/fifo-equivalence.json,neural-cap,False,3,b2674dbb18383266409153f991f661be9f015cca935183c6fd2a155b916147dd,21,207
matrix/c175-b8/fifo-equivalence.json,terminal-only,False,2,ff84ec95e04785ddcbbe5f8a4f10d76fce93f589f883b9b10c1265072ab6ec05,1,2
matrix/c175-b8/fifo-equivalence.json,single,True,1,0648c4843edc072d64bfde3ff4381be58c002a6987520721e0cb1713bb563da3,12,81
matrix/c175-b8/fifo-equivalence.json,mixed-three,True,3,f7fa56844dcb97332426ec01b5b0a693d215ef3d46479eb721f57d6c413439b6,20,194
matrix/c175-b8/fifo-equivalence.json,mixed-sixteen,True,16,086374cc8bb0638eb89531d134ce444fe71b05332f889266a00333076856283d,96,1069
matrix/c175-b8/fifo-equivalence.json,neural-cap,True,3,4ab5ebd4aada72408afa381e0f36fbe8244be56973e606906b590fc3d23bf98c,21,207
matrix/c175-b8/fifo-equivalence.json,terminal-only,True,2,8123a27025c1bc80d4bd208e6bc20f3bc6903541819bb10d49ea9e4ac33ad9ce,1,2
