case,async,pair,order,arm,repeats,work_sha256,repeat,process_seconds,coordinator_seconds,stdout_sha256
single,False,0,0,list,6,bf8717a55744bf7130e8c0ae21788062bdd07078d2c835a67bc97277ca057035,0,0.068295961,0.015,0b7cb5abf17d9cf126e7bde46fdc9a3dbb3b0c0a9d32dfdbd295c533c53a70bb
single,False,0,0,list,6,bf8717a55744bf7130e8c0ae21788062bdd07078d2c835a67bc97277ca057035,1,0.0671536,0.015,eafb2865b10c6e9370f9399877fa76183ef8a4a04011f3676558a7d1cf3b23d5
single,False,0,0,list,6,bf8717a55744bf7130e8c0ae21788062bdd07078d2c835a67bc97277ca057035,2,0.067079483,0.015,bae9b15ec92fc238d864e97f6272d34f4e12af1fe47b4a1648c9ae4d96bb3f25
single,False,0,0,list,6,bf8717a55744bf7130e8c0ae21788062bdd07078d2c835a67bc97277ca057035,3,0.070443587,0.015,80c52b17e12789a65912a677f79bec05f248f0ad132f254281d18088c4b08bef
single,False,0,0,list,6,bf8717a55744bf7130e8c0ae21788062bdd07078d2c835a67bc97277ca057035,4,0.079336164,0.017,5f68c3fde3eec66fa5ba2d473bfed883b4611922592603f79c84fe8df3095e14
single,False,0,0,list,6,bf8717a55744bf7130e8c0ae21788062bdd07078d2c835a67bc97277ca057035,5,0.070100678,0.017,46ce471efb2b5c7c194298a5c77670620d3dd60c21fa11406ecd67c5f1c69eb5
single,False,0,1,fifo,6,bf8717a55744bf7130e8c0ae21788062bdd07078d2c835a67bc97277ca057035,0,0.070797969,0.017,f49472358524e043a58a3204501289e5375777c5e96e4bd3459a7b46a0faf2dd
single,False,0,1,fifo,6,bf8717a55744bf7130e8c0ae21788062bdd07078d2c835a67bc97277ca057035,1,0.083988903,0.022,0ab9cb64671de0ea8dd5cbfbcd9a7ab58f3098218dbdbfb87c2ab9491c4ef6dd
single,False,0,1,fifo,6,bf8717a55744bf7130e8c0ae21788062bdd07078d2c835a67bc97277ca057035,2,0.066959328,0.014,24d744c07a775cd21aa869c4bd35227949ff8c4f28c13780fafa2b8d528ea545
single,False,0,1,fifo,6,bf8717a55744bf7130e8c0ae21788062bdd07078d2c835a67bc97277ca057035,3,0.067967138,0.014,3c0b6a117dab95799ca33ce4f8659730ee03452afdd81e09d735c757c2ac0b31
single,False,0,1,fifo,6,bf8717a55744bf7130e8c0ae21788062bdd07078d2c835a67bc97277ca057035,4,0.067939166,0.014,6dc265f0547166f2afada7e0077c46e996d713da515427b7205e8e9c5df0226a
single,False,0,1,fifo,6,bf8717a55744bf7130e8c0ae21788062bdd07078d2c835a67bc97277ca057035,5,0.066911058,0.015,2925e00622d83e9ddea1841ee296f4fc4a635a72d3b4452f33ecc216dc132900
single,False,1,0,fifo,6,bf8717a55744bf7130e8c0ae21788062bdd07078d2c835a67bc97277ca057035,0,0.068367274,0.014,24d744c07a775cd21aa869c4bd35227949ff8c4f28c13780fafa2b8d528ea545
single,False,1,0,fifo,6,bf8717a55744bf7130e8c0ae21788062bdd07078d2c835a67bc97277ca057035,1,0.068641426,0.014,6e081c1d78124c9720a6a4194419da338c07c7f3d65f395b1aed86680c28e746
single,False,1,0,fifo,6,bf8717a55744bf7130e8c0ae21788062bdd07078d2c835a67bc97277ca057035,2,0.067672398,0.014,577cda848c6d0caac3a7e8c209ce4ef1702e683bc11830fac8e086c5411a5e29
single,False,1,0,fifo,6,bf8717a55744bf7130e8c0ae21788062bdd07078d2c835a67bc97277ca057035,3,0.06758755,0.014,24d744c07a775cd21aa869c4bd35227949ff8c4f28c13780fafa2b8d528ea545
single,False,1,0,fifo,6,bf8717a55744bf7130e8c0ae21788062bdd07078d2c835a67bc97277ca057035,4,0.071804446,0.016,fe64a76dcfd4eb701160d4cd2b666b3f9c78116c23bec4f379721baf3f80cf4e
single,False,1,0,fifo,6,bf8717a55744bf7130e8c0ae21788062bdd07078d2c835a67bc97277ca057035,5,0.068706047,0.015,af3980dcf234b0119ca48b98ed68a4ed68805b48d994058b5ea6ddea88e1611d
single,False,1,1,list,6,bf8717a55744bf7130e8c0ae21788062bdd07078d2c835a67bc97277ca057035,0,0.067046421,0.014,cb7f38586c5df1ae027fd18da01c6faa6884b322964703ff302848df98ab1e21
single,False,1,1,list,6,bf8717a55744bf7130e8c0ae21788062bdd07078d2c835a67bc97277ca057035,1,0.069312959,0.017,8a9a5656451fadf36197f1cda50c80887f6217d85c8fab30dd381859a814cf9f
single,False,1,1,list,6,bf8717a55744bf7130e8c0ae21788062bdd07078d2c835a67bc97277ca057035,2,0.076767563,0.015,0b7cb5abf17d9cf126e7bde46fdc9a3dbb3b0c0a9d32dfdbd295c533c53a70bb
single,False,1,1,list,6,bf8717a55744bf7130e8c0ae21788062bdd07078d2c835a67bc97277ca057035,3,0.069550682,0.017,f49472358524e043a58a3204501289e5375777c5e96e4bd3459a7b46a0faf2dd
single,False,1,1,list,6,bf8717a55744bf7130e8c0ae21788062bdd07078d2c835a67bc97277ca057035,4,0.080075925,0.019,395d0f1d1bbb8e5f1eaac891866faf087bfc8a905cd8eb109594fa7b53e36fac
single,False,1,1,list,6,bf8717a55744bf7130e8c0ae21788062bdd07078d2c835a67bc97277ca057035,5,0.066141422,0.014,a7a1ec8a060dbf98078ccdead3489682680b2b27754634ee607744fef629e139
single,False,2,0,list,6,bf8717a55744bf7130e8c0ae21788062bdd07078d2c835a67bc97277ca057035,0,0.067482444,0.014,cb7f38586c5df1ae027fd18da01c6faa6884b322964703ff302848df98ab1e21
single,False,2,0,list,6,bf8717a55744bf7130e8c0ae21788062bdd07078d2c835a67bc97277ca057035,1,0.068131815,0.015,6f58bdc4acd2d16fe066d444a481b6a5172c29daf5be153c7173e721d74e4225
single,False,2,0,list,6,bf8717a55744bf7130e8c0ae21788062bdd07078d2c835a67bc97277ca057035,2,0.067454574,0.015,c88ef17ee3537471578dc4d5d5708aa664eaf3fed490a4348e9b55e8a3e7db82
single,False,2,0,list,6,bf8717a55744bf7130e8c0ae21788062bdd07078d2c835a67bc97277ca057035,3,0.066568529,0.015,eafb2865b10c6e9370f9399877fa76183ef8a4a04011f3676558a7d1cf3b23d5
single,False,2,0,list,6,bf8717a55744bf7130e8c0ae21788062bdd07078d2c835a67bc97277ca057035,4,0.0704074,0.017,57af42055a8b53c445b130aa61f67e814a09d58e748ad895acdb7f61a0e58b46
single,False,2,0,list,6,bf8717a55744bf7130e8c0ae21788062bdd07078d2c835a67bc97277ca057035,5,0.074525561,0.015,4131af4622a17d0490596fb1a73f3e0ce1e9172ee8488af306f94edf42dd8de8
single,False,2,1,fifo,6,bf8717a55744bf7130e8c0ae21788062bdd07078d2c835a67bc97277ca057035,0,0.068081521,0.014,3ff76be0d80a55d2cfda6a49c2cb3dbbdb816c9e95f86470ee237f7061d22630
single,False,2,1,fifo,6,bf8717a55744bf7130e8c0ae21788062bdd07078d2c835a67bc97277ca057035,1,0.067862553,0.014,e35f773918357d4393f9062a7adaff43a0b20f7bb414a6acb5242accb91ed3ec
single,False,2,1,fifo,6,bf8717a55744bf7130e8c0ae21788062bdd07078d2c835a67bc97277ca057035,2,0.067963311,0.015,707f726807714b58823690a5965942373f9d6d233b070850778f225212d0cc2f
single,False,2,1,fifo,6,bf8717a55744bf7130e8c0ae21788062bdd07078d2c835a67bc97277ca057035,3,0.067694249,0.015,67f8aee76b52ada7414ef6ef5fd2e206f42a4346d87fc6dcf4411c6b4b74b9e3
single,False,2,1,fifo,6,bf8717a55744bf7130e8c0ae21788062bdd07078d2c835a67bc97277ca057035,4,0.067484327,0.015,67f8aee76b52ada7414ef6ef5fd2e206f42a4346d87fc6dcf4411c6b4b74b9e3
single,False,2,1,fifo,6,bf8717a55744bf7130e8c0ae21788062bdd07078d2c835a67bc97277ca057035,5,0.06741087,0.014,66b31c40e8dc1922ed98cd322399d4a3b53b3e1c282e60864d6415fba4a60fd5
single,False,3,0,fifo,6,bf8717a55744bf7130e8c0ae21788062bdd07078d2c835a67bc97277ca057035,0,0.067395822,0.015,bb86d94b1c27960fef7b3818428784d96eacd4938891c40792f3e324aa2d335e
single,False,3,0,fifo,6,bf8717a55744bf7130e8c0ae21788062bdd07078d2c835a67bc97277ca057035,1,0.067486581,0.015,9aab1ffed858a2bb9b05914896a98edac4e55f5d97acf07eb3d8c1d3f4f5f0e3
single,False,3,0,fifo,6,bf8717a55744bf7130e8c0ae21788062bdd07078d2c835a67bc97277ca057035,2,0.067492432,0.015,67f8aee76b52ada7414ef6ef5fd2e206f42a4346d87fc6dcf4411c6b4b74b9e3
single,False,3,0,fifo,6,bf8717a55744bf7130e8c0ae21788062bdd07078d2c835a67bc97277ca057035,3,0.068158385,0.015,a05bf86a427b6af43e87e6acb5496a825398a2dc0e5f6288b0c9e55d2bb16c28
single,False,3,0,fifo,6,bf8717a55744bf7130e8c0ae21788062bdd07078d2c835a67bc97277ca057035,4,0.067365485,0.015,1373469bef793618536c9dac8b312cb6879c8249fb9a360e9e17f302773da0e8
single,False,3,0,fifo,6,bf8717a55744bf7130e8c0ae21788062bdd07078d2c835a67bc97277ca057035,5,0.067490529,0.015,67f8aee76b52ada7414ef6ef5fd2e206f42a4346d87fc6dcf4411c6b4b74b9e3
single,False,3,1,list,6,bf8717a55744bf7130e8c0ae21788062bdd07078d2c835a67bc97277ca057035,0,0.066792998,0.014,6dc265f0547166f2afada7e0077c46e996d713da515427b7205e8e9c5df0226a
single,False,3,1,list,6,bf8717a55744bf7130e8c0ae21788062bdd07078d2c835a67bc97277ca057035,1,0.06669227,0.015,0b7cb5abf17d9cf126e7bde46fdc9a3dbb3b0c0a9d32dfdbd295c533c53a70bb
single,False,3,1,list,6,bf8717a55744bf7130e8c0ae21788062bdd07078d2c835a67bc97277ca057035,2,0.066639792,0.015,67f8aee76b52ada7414ef6ef5fd2e206f42a4346d87fc6dcf4411c6b4b74b9e3
single,False,3,1,list,6,bf8717a55744bf7130e8c0ae21788062bdd07078d2c835a67bc97277ca057035,3,0.066438834,0.015,f3ff27c5d541991a69101c1f785d59aa4f0ad2913f31ac169a899b1f4f8764d4
single,False,3,1,list,6,bf8717a55744bf7130e8c0ae21788062bdd07078d2c835a67bc97277ca057035,4,0.066615945,0.015,89c3916e886bdd19c8ea9b3f52192d83cbcf2f9fd0a8fbb355cfc41d3e818327
single,False,3,1,list,6,bf8717a55744bf7130e8c0ae21788062bdd07078d2c835a67bc97277ca057035,5,0.066922551,0.015,cabe221e8e6048396f9eb87fa008e072b44ca5f5bcf0542e0dc1a0f922cedfc8
single,False,4,0,list,6,bf8717a55744bf7130e8c0ae21788062bdd07078d2c835a67bc97277ca057035,0,0.066435255,0.015,460832abd3189e3254fbad1dcfd611cfd3fb3082079a1be2b7418419b86f5ebb
single,False,4,0,list,6,bf8717a55744bf7130e8c0ae21788062bdd07078d2c835a67bc97277ca057035,1,0.067045863,0.015,67f8aee76b52ada7414ef6ef5fd2e206f42a4346d87fc6dcf4411c6b4b74b9e3
single,False,4,0,list,6,bf8717a55744bf7130e8c0ae21788062bdd07078d2c835a67bc97277ca057035,2,0.066839355,0.015,60cb4bc541d399af49f067991435d1aa0cd4c44d45367b448cdd517077ed26b2
single,False,4,0,list,6,bf8717a55744bf7130e8c0ae21788062bdd07078d2c835a67bc97277ca057035,3,0.066594314,0.014,577cda848c6d0caac3a7e8c209ce4ef1702e683bc11830fac8e086c5411a5e29
single,False,4,0,list,6,bf8717a55744bf7130e8c0ae21788062bdd07078d2c835a67bc97277ca057035,4,0.066926389,0.015,3588f8e658bbb7f2d3b4fc678e986d1f78a1e877b6e70a91854eec447658ec91
single,False,4,0,list,6,bf8717a55744bf7130e8c0ae21788062bdd07078d2c835a67bc97277ca057035,5,0.066648957,0.014,7780c9fb34b33a5814aceba6786af01c95e7ade277acc68659f75a58904dfa18
single,False,4,1,fifo,6,bf8717a55744bf7130e8c0ae21788062bdd07078d2c835a67bc97277ca057035,0,0.068983207,0.016,0a2e677ac3566b12e084f08a8a7b9fd96ae3676c693067b943a66868c623e5b3
single,False,4,1,fifo,6,bf8717a55744bf7130e8c0ae21788062bdd07078d2c835a67bc97277ca057035,1,0.06997366,0.017,bcaea535f8f9df82457e728378e365d3fa5236bbb3cbdb00d86c0bd7a210e3ee
single,False,4,1,fifo,6,bf8717a55744bf7130e8c0ae21788062bdd07078d2c835a67bc97277ca057035,2,0.075486717,0.015,28ea0afff3b09126854144d5a39d37bbb0b1441153b913a085a25f3df31da049
single,False,4,1,fifo,6,bf8717a55744bf7130e8c0ae21788062bdd07078d2c835a67bc97277ca057035,3,0.075942456,0.014,84f3b27cfb0225f75b075c676268001f781da51d47cb0662a4f7201263e47cde
single,False,4,1,fifo,6,bf8717a55744bf7130e8c0ae21788062bdd07078d2c835a67bc97277ca057035,4,0.067809209,0.014,7062277c4e745f88da09e02be416af0e6524eb54b74c74ad3e4cbbecd9e7cb65
single,False,4,1,fifo,6,bf8717a55744bf7130e8c0ae21788062bdd07078d2c835a67bc97277ca057035,5,0.068352882,0.014,e0a143de557ac299c655cb7c19b9029a3de4c9b7b088453f226b6b977b8202dd
single,False,5,0,fifo,6,bf8717a55744bf7130e8c0ae21788062bdd07078d2c835a67bc97277ca057035,0,0.069068848,0.014,a7a1ec8a060dbf98078ccdead3489682680b2b27754634ee607744fef629e139
single,False,5,0,fifo,6,bf8717a55744bf7130e8c0ae21788062bdd07078d2c835a67bc97277ca057035,1,0.06958904,0.014,5a706eaa06b8896f07f5f9a0b6ecbd8672ff41c75aaf782655978f25dd3a596e
single,False,5,0,fifo,6,bf8717a55744bf7130e8c0ae21788062bdd07078d2c835a67bc97277ca057035,2,0.067379529,0.014,24d744c07a775cd21aa869c4bd35227949ff8c4f28c13780fafa2b8d528ea545
single,False,5,0,fifo,6,bf8717a55744bf7130e8c0ae21788062bdd07078d2c835a67bc97277ca057035,3,0.069709004,0.014,587864582c5c1f53fd729a7130113dd33c9959324b213fffb61861582db6f8e4
single,False,5,0,fifo,6,bf8717a55744bf7130e8c0ae21788062bdd07078d2c835a67bc97277ca057035,4,0.067990028,0.015,6f58bdc4acd2d16fe066d444a481b6a5172c29daf5be153c7173e721d74e4225
single,False,5,0,fifo,6,bf8717a55744bf7130e8c0ae21788062bdd07078d2c835a67bc97277ca057035,5,0.068336173,0.014,84f3b27cfb0225f75b075c676268001f781da51d47cb0662a4f7201263e47cde
single,False,5,1,list,6,bf8717a55744bf7130e8c0ae21788062bdd07078d2c835a67bc97277ca057035,0,0.067105768,0.014,3a1cd8f1a9c485fac28689043c36678d81fdd4a18c6e11dfce80ff8c2d88d032
single,False,5,1,list,6,bf8717a55744bf7130e8c0ae21788062bdd07078d2c835a67bc97277ca057035,1,0.067630847,0.014,7062277c4e745f88da09e02be416af0e6524eb54b74c74ad3e4cbbecd9e7cb65
single,False,5,1,list,6,bf8717a55744bf7130e8c0ae21788062bdd07078d2c835a67bc97277ca057035,2,0.066041602,0.014,012fba066fb733bb4f649f3e73febfe93250213458f4b34ba7a6dbba2ae8cf20
single,False,5,1,list,6,bf8717a55744bf7130e8c0ae21788062bdd07078d2c835a67bc97277ca057035,3,0.068019924,0.014,bfe460f98043d9ce903d05edfffbccee65ff7558ae77e8f7b7337a39fcaef044
single,False,5,1,list,6,bf8717a55744bf7130e8c0ae21788062bdd07078d2c835a67bc97277ca057035,4,0.065730512,0.014,8f9cd79c768fc55cd3f3862fc4f73544dcd6c7dc86b84c5d85b5a639bac82200
single,False,5,1,list,6,bf8717a55744bf7130e8c0ae21788062bdd07078d2c835a67bc97277ca057035,5,0.067408793,0.014,7780c9fb34b33a5814aceba6786af01c95e7ade277acc68659f75a58904dfa18
single,True,0,0,list,2,7afff25e8c06d24e34e350bacc8cbbe8ef74478a3dc2503e923c4dd1fd547ba2,0,0.274178413,0.215,bc0c48537e7fbf0b939d5984ff6660363d3740ee5aacd530812f0838b7200e5a
single,True,0,0,list,2,7afff25e8c06d24e34e350bacc8cbbe8ef74478a3dc2503e923c4dd1fd547ba2,1,0.267737854,0.214,f6b2add1fe77485a618ee76c366080f066173306de5a88a3409158277e30e4ed
single,True,0,1,fifo,2,7afff25e8c06d24e34e350bacc8cbbe8ef74478a3dc2503e923c4dd1fd547ba2,0,0.267120022,0.213,fefe4f47c8150edb9df701d4b4e1fa5b23a8f11e4c9e4c95c2a5269773fb19f8
single,True,0,1,fifo,2,7afff25e8c06d24e34e350bacc8cbbe8ef74478a3dc2503e923c4dd1fd547ba2,1,0.269543492,0.216,c6431f63731a0d7f8d52e2b9b0c17668ad10aeec5c7a5fcaaa03534d1b46b7e0
single,True,1,0,fifo,2,7afff25e8c06d24e34e350bacc8cbbe8ef74478a3dc2503e923c4dd1fd547ba2,0,0.271009087,0.215,bc0c48537e7fbf0b939d5984ff6660363d3740ee5aacd530812f0838b7200e5a
single,True,1,0,fifo,2,7afff25e8c06d24e34e350bacc8cbbe8ef74478a3dc2503e923c4dd1fd547ba2,1,0.276426584,0.216,c6431f63731a0d7f8d52e2b9b0c17668ad10aeec5c7a5fcaaa03534d1b46b7e0
single,True,1,1,list,2,7afff25e8c06d24e34e350bacc8cbbe8ef74478a3dc2503e923c4dd1fd547ba2,0,0.268115435,0.215,bc0c48537e7fbf0b939d5984ff6660363d3740ee5aacd530812f0838b7200e5a
single,True,1,1,list,2,7afff25e8c06d24e34e350bacc8cbbe8ef74478a3dc2503e923c4dd1fd547ba2,1,0.281459094,0.214,f6b2add1fe77485a618ee76c366080f066173306de5a88a3409158277e30e4ed
single,True,2,0,list,2,7afff25e8c06d24e34e350bacc8cbbe8ef74478a3dc2503e923c4dd1fd547ba2,0,0.276046024,0.214,f6b2add1fe77485a618ee76c366080f066173306de5a88a3409158277e30e4ed
single,True,2,0,list,2,7afff25e8c06d24e34e350bacc8cbbe8ef74478a3dc2503e923c4dd1fd547ba2,1,0.278281645,0.216,c6431f63731a0d7f8d52e2b9b0c17668ad10aeec5c7a5fcaaa03534d1b46b7e0
single,True,2,1,fifo,2,7afff25e8c06d24e34e350bacc8cbbe8ef74478a3dc2503e923c4dd1fd547ba2,0,0.277747198,0.215,bc0c48537e7fbf0b939d5984ff6660363d3740ee5aacd530812f0838b7200e5a
single,True,2,1,fifo,2,7afff25e8c06d24e34e350bacc8cbbe8ef74478a3dc2503e923c4dd1fd547ba2,1,0.277455907,0.213,fefe4f47c8150edb9df701d4b4e1fa5b23a8f11e4c9e4c95c2a5269773fb19f8
single,True,3,0,fifo,2,7afff25e8c06d24e34e350bacc8cbbe8ef74478a3dc2503e923c4dd1fd547ba2,0,0.274768108,0.214,f6b2add1fe77485a618ee76c366080f066173306de5a88a3409158277e30e4ed
single,True,3,0,fifo,2,7afff25e8c06d24e34e350bacc8cbbe8ef74478a3dc2503e923c4dd1fd547ba2,1,0.268065047,0.215,bc0c48537e7fbf0b939d5984ff6660363d3740ee5aacd530812f0838b7200e5a
single,True,3,1,list,2,7afff25e8c06d24e34e350bacc8cbbe8ef74478a3dc2503e923c4dd1fd547ba2,0,0.268496168,0.215,bc0c48537e7fbf0b939d5984ff6660363d3740ee5aacd530812f0838b7200e5a
single,True,3,1,list,2,7afff25e8c06d24e34e350bacc8cbbe8ef74478a3dc2503e923c4dd1fd547ba2,1,0.265419809,0.212,cc1080b0dbb4cb59a502eab31b5c00c45414380cafa6055b1a3c765e978a1cea
single,True,4,0,list,2,7afff25e8c06d24e34e350bacc8cbbe8ef74478a3dc2503e923c4dd1fd547ba2,0,0.268145384,0.215,bc0c48537e7fbf0b939d5984ff6660363d3740ee5aacd530812f0838b7200e5a
single,True,4,0,list,2,7afff25e8c06d24e34e350bacc8cbbe8ef74478a3dc2503e923c4dd1fd547ba2,1,0.268252263,0.215,bc0c48537e7fbf0b939d5984ff6660363d3740ee5aacd530812f0838b7200e5a
single,True,4,1,fifo,2,7afff25e8c06d24e34e350bacc8cbbe8ef74478a3dc2503e923c4dd1fd547ba2,0,0.2693278,0.214,f6b2add1fe77485a618ee76c366080f066173306de5a88a3409158277e30e4ed
single,True,4,1,fifo,2,7afff25e8c06d24e34e350bacc8cbbe8ef74478a3dc2503e923c4dd1fd547ba2,1,0.26964658,0.216,c6431f63731a0d7f8d52e2b9b0c17668ad10aeec5c7a5fcaaa03534d1b46b7e0
single,True,5,0,fifo,2,7afff25e8c06d24e34e350bacc8cbbe8ef74478a3dc2503e923c4dd1fd547ba2,0,0.277088466,0.215,bc0c48537e7fbf0b939d5984ff6660363d3740ee5aacd530812f0838b7200e5a
single,True,5,0,fifo,2,7afff25e8c06d24e34e350bacc8cbbe8ef74478a3dc2503e923c4dd1fd547ba2,1,0.268457916,0.214,f6b2add1fe77485a618ee76c366080f066173306de5a88a3409158277e30e4ed
single,True,5,1,list,2,7afff25e8c06d24e34e350bacc8cbbe8ef74478a3dc2503e923c4dd1fd547ba2,0,0.269722441,0.215,bc0c48537e7fbf0b939d5984ff6660363d3740ee5aacd530812f0838b7200e5a
single,True,5,1,list,2,7afff25e8c06d24e34e350bacc8cbbe8ef74478a3dc2503e923c4dd1fd547ba2,1,0.269345578,0.215,bc0c48537e7fbf0b939d5984ff6660363d3740ee5aacd530812f0838b7200e5a
openings-16,False,0,0,list,1,e9cdb3b5cb1c810e7485a1413a2dfcc0ae21215b1d9e57705339a22cfe30dc44,0,0.925066467,0.207,55ce8e6a1e626e15e71480ca8cc05bca0d8a1c0b9e269ca8b6803dbc27b0fc64
openings-16,False,0,1,fifo,1,e9cdb3b5cb1c810e7485a1413a2dfcc0ae21215b1d9e57705339a22cfe30dc44,0,0.787816199,0.176,78217697523d2484cb89bbecd18b985b06a74f97b167cf4ab506a87fa642e5a3
openings-16,False,1,0,fifo,1,e9cdb3b5cb1c810e7485a1413a2dfcc0ae21215b1d9e57705339a22cfe30dc44,0,0.791619544,0.177,3d345e9f250caa1c47495600bf18f93b72d984add8024353298975ff7f13905a
openings-16,False,1,1,list,1,e9cdb3b5cb1c810e7485a1413a2dfcc0ae21215b1d9e57705339a22cfe30dc44,0,0.777473067,0.177,e401f20021a97b925fe48f95c4ed24025c912f593d8db719c7a726c13806a6cc
openings-16,False,2,0,list,1,e9cdb3b5cb1c810e7485a1413a2dfcc0ae21215b1d9e57705339a22cfe30dc44,0,0.775346098,0.176,a086506cb413e68a5aa50253bf934acc980b4e6fd18926ed7330adcbdaa12eba
openings-16,False,2,1,fifo,1,e9cdb3b5cb1c810e7485a1413a2dfcc0ae21215b1d9e57705339a22cfe30dc44,0,0.793464969,0.176,a0672d2238963fc2c21aa233dbddef394c1d74ca8136afdbadda2fe793b2ed41
openings-16,False,3,0,fifo,1,e9cdb3b5cb1c810e7485a1413a2dfcc0ae21215b1d9e57705339a22cfe30dc44,0,0.788563252,0.177,6b6a5c024464e4de79b4b1d145e2b746cc01262e5640a0a33bc4362199ca3f09
openings-16,False,3,1,list,1,e9cdb3b5cb1c810e7485a1413a2dfcc0ae21215b1d9e57705339a22cfe30dc44,0,0.774384654,0.176,f5d07b93370c7944b1dced8fe9d5aefb27ba1b9f45e042627237e8e0e0c2a67a
openings-16,False,4,0,list,1,e9cdb3b5cb1c810e7485a1413a2dfcc0ae21215b1d9e57705339a22cfe30dc44,0,0.77994995,0.177,dc6f7dfd8992ce70c1e257d265a178c163a5c6e1e0f24b32122ee934ea4e656a
openings-16,False,4,1,fifo,1,e9cdb3b5cb1c810e7485a1413a2dfcc0ae21215b1d9e57705339a22cfe30dc44,0,0.787132683,0.177,e0e4f0821c0a3f884d1074a79ddb4c2add09b01099e5a62b58f835a92cc9dcae
openings-16,False,5,0,fifo,1,e9cdb3b5cb1c810e7485a1413a2dfcc0ae21215b1d9e57705339a22cfe30dc44,0,0.848210418,0.18,8f1244767665d1181602b2d88b13815cb5d232904b40c5387a8ab9f21cffd683
openings-16,False,5,1,list,1,e9cdb3b5cb1c810e7485a1413a2dfcc0ae21215b1d9e57705339a22cfe30dc44,0,0.783157444,0.177,f73eb8e4626cffbd80dbe6bf2b06d4e7af3fc1f5e04f5670e12ee566f28e5aa3
openings-16,True,0,0,list,1,27757b99968fe0256d0d2218c91653ed0f5788366aeb356b2dfe44f10b9fe4d1,0,1.466248582,0.867,581afe09f1676c760baa9d57f10429529c3f5c79c5474becadac87de45b253f3
openings-16,True,0,1,fifo,1,27757b99968fe0256d0d2218c91653ed0f5788366aeb356b2dfe44f10b9fe4d1,0,1.481050039,0.867,581afe09f1676c760baa9d57f10429529c3f5c79c5474becadac87de45b253f3
openings-16,True,1,0,fifo,1,27757b99968fe0256d0d2218c91653ed0f5788366aeb356b2dfe44f10b9fe4d1,0,1.481491919,0.869,a1ad7e972563e00039f847c854c3186c3149e3626af42558c16b64ce9d922f93
openings-16,True,1,1,list,1,27757b99968fe0256d0d2218c91653ed0f5788366aeb356b2dfe44f10b9fe4d1,0,1.477918344,0.869,a1ad7e972563e00039f847c854c3186c3149e3626af42558c16b64ce9d922f93
openings-16,True,2,0,list,1,27757b99968fe0256d0d2218c91653ed0f5788366aeb356b2dfe44f10b9fe4d1,0,1.48127574,0.872,446d698f70d4f28900bc448e966ebc8e7e80ee2d03293cfbaae767e2fa49666c
openings-16,True,2,1,fifo,1,27757b99968fe0256d0d2218c91653ed0f5788366aeb356b2dfe44f10b9fe4d1,0,1.480634037,0.862,e37094177935ca57a2f669b77c63ca02ab5de027a4729f91ecb43d20f0f86cb1
openings-16,True,3,0,fifo,1,27757b99968fe0256d0d2218c91653ed0f5788366aeb356b2dfe44f10b9fe4d1,0,1.47988103,0.868,a8f831a3e4ac93efa8ae637dd60a2d955d134420c805b9ef4831f3001e1b137e
openings-16,True,3,1,list,1,27757b99968fe0256d0d2218c91653ed0f5788366aeb356b2dfe44f10b9fe4d1,0,1.470772065,0.869,a1ad7e972563e00039f847c854c3186c3149e3626af42558c16b64ce9d922f93
openings-16,True,4,0,list,1,27757b99968fe0256d0d2218c91653ed0f5788366aeb356b2dfe44f10b9fe4d1,0,1.468034941,0.867,581afe09f1676c760baa9d57f10429529c3f5c79c5474becadac87de45b253f3
openings-16,True,4,1,fifo,1,27757b99968fe0256d0d2218c91653ed0f5788366aeb356b2dfe44f10b9fe4d1,0,1.474442649,0.862,e37094177935ca57a2f669b77c63ca02ab5de027a4729f91ecb43d20f0f86cb1
openings-16,True,5,0,fifo,1,27757b99968fe0256d0d2218c91653ed0f5788366aeb356b2dfe44f10b9fe4d1,0,1.478292467,0.866,0be27f0abb7d94fb584dcd4bbe294d14a48029f08c65ecf826a2e7d5865392ff
openings-16,True,5,1,list,1,27757b99968fe0256d0d2218c91653ed0f5788366aeb356b2dfe44f10b9fe4d1,0,1.468047244,0.862,e37094177935ca57a2f669b77c63ca02ab5de027a4729f91ecb43d20f0f86cb1
mixed-16,False,0,0,list,1,0a10f859e20d38bad0699318fd12c4f5d48aeb26da799ae4fa31355254b18771,0,0.604028839,0.131,7e99ee8fce2d4d5ac1245e8f615ee743346d5e2dd0436fbbaaaf42b7c3b49876
mixed-16,False,0,1,fifo,1,0a10f859e20d38bad0699318fd12c4f5d48aeb26da799ae4fa31355254b18771,0,0.600350314,0.133,705cb3e62eeff80d3d7e4bd2e7cbd0b77821862f6303f07c2651ad5bfd4c967c
mixed-16,False,1,0,fifo,1,0a10f859e20d38bad0699318fd12c4f5d48aeb26da799ae4fa31355254b18771,0,0.594871841,0.131,2dae8ce022ef6d4647e88aedd9701fe44bf45df4126113539ffb72fd2172f203
mixed-16,False,1,1,list,1,0a10f859e20d38bad0699318fd12c4f5d48aeb26da799ae4fa31355254b18771,0,0.590690058,0.131,fd07337ffd01f7e270e891d86d48804e8a0a695c0e712595f20c2c001003afcb
mixed-16,False,2,0,list,1,0a10f859e20d38bad0699318fd12c4f5d48aeb26da799ae4fa31355254b18771,0,0.58766371,0.13,28113616644df91a4f5c6c2a1a6ee89aad452239a9f625e5224c46faea23e23b
mixed-16,False,2,1,fifo,1,0a10f859e20d38bad0699318fd12c4f5d48aeb26da799ae4fa31355254b18771,0,0.598895152,0.131,3a701ea534bb4012ecb2bc2fefe77e34584e3929792ca58be2a358e2ff9e7d3c
mixed-16,False,3,0,fifo,1,0a10f859e20d38bad0699318fd12c4f5d48aeb26da799ae4fa31355254b18771,0,0.598663875,0.131,4cbf4b6f3d6cc3a019532b8f64bfab2ff9ddfbf95e4ba6991c8de74587fa9798
mixed-16,False,3,1,list,1,0a10f859e20d38bad0699318fd12c4f5d48aeb26da799ae4fa31355254b18771,0,0.594467606,0.139,934bffe6b99bafa128c506916ff41d81fcb6c6194f65957e4f1d185220332808
mixed-16,False,4,0,list,1,0a10f859e20d38bad0699318fd12c4f5d48aeb26da799ae4fa31355254b18771,0,0.589560627,0.131,b03b797abeb18f79c6a07e9960e964d833d0f38ada9ca696db136b4b6b68f920
mixed-16,False,4,1,fifo,1,0a10f859e20d38bad0699318fd12c4f5d48aeb26da799ae4fa31355254b18771,0,0.599087659,0.13,a506722993bb93fcaee2a4468c0f408bd292e3f1975fd5e7ee567b33d4b8cb93
mixed-16,False,5,0,fifo,1,0a10f859e20d38bad0699318fd12c4f5d48aeb26da799ae4fa31355254b18771,0,0.595392612,0.131,1e2dc824936733b4e9db05a5c18109b05a50dcef1d77055456c2b3522c6fbbbb
mixed-16,False,5,1,list,1,0a10f859e20d38bad0699318fd12c4f5d48aeb26da799ae4fa31355254b18771,0,0.587560172,0.13,6b0337dcc85d21d6286fccb59744a7374a13a6a690212234a1f7ae7041a3c668
mixed-16,True,0,0,list,1,195d9ea49faea576ce2a2c87c2cd31ca759a3c1a837344f3cece6ee35993a9ab,0,1.073487083,0.614,3195f20f28cd2ea9c99bd174f372dc82a3a77fca3995ab87cd7a7c3faa8228be
mixed-16,True,0,1,fifo,1,195d9ea49faea576ce2a2c87c2cd31ca759a3c1a837344f3cece6ee35993a9ab,0,1.0835567,0.616,e414a932c1a00ab2ef58a858aefe9af18fde585f3530a4d7879263cfa62ced9a
mixed-16,True,1,0,fifo,1,195d9ea49faea576ce2a2c87c2cd31ca759a3c1a837344f3cece6ee35993a9ab,0,1.082401275,0.618,538c6d9a79ec96e61281a4acad7903b1e0035e58489df2a2e382ee9b3a0b521c
mixed-16,True,1,1,list,1,195d9ea49faea576ce2a2c87c2cd31ca759a3c1a837344f3cece6ee35993a9ab,0,1.074707945,0.614,3195f20f28cd2ea9c99bd174f372dc82a3a77fca3995ab87cd7a7c3faa8228be
mixed-16,True,2,0,list,1,195d9ea49faea576ce2a2c87c2cd31ca759a3c1a837344f3cece6ee35993a9ab,0,1.072559365,0.617,ff0238fadabeacbe199f90662d4559421f6d07757cb72462e57c1ea1778274d1
mixed-16,True,2,1,fifo,1,195d9ea49faea576ce2a2c87c2cd31ca759a3c1a837344f3cece6ee35993a9ab,0,1.078241265,0.614,3195f20f28cd2ea9c99bd174f372dc82a3a77fca3995ab87cd7a7c3faa8228be
mixed-16,True,3,0,fifo,1,195d9ea49faea576ce2a2c87c2cd31ca759a3c1a837344f3cece6ee35993a9ab,0,1.096290742,0.619,dab633f47868d2868ff3d68c0cee616970f8593a71881d1554f20e6c3a3da969
mixed-16,True,3,1,list,1,195d9ea49faea576ce2a2c87c2cd31ca759a3c1a837344f3cece6ee35993a9ab,0,1.074113345,0.617,ff0238fadabeacbe199f90662d4559421f6d07757cb72462e57c1ea1778274d1
mixed-16,True,4,0,list,1,195d9ea49faea576ce2a2c87c2cd31ca759a3c1a837344f3cece6ee35993a9ab,0,1.091501012,0.635,222210b58bfeba01c066f4955aaecda146393efb95d6605744090a8b8d4db190
mixed-16,True,4,1,fifo,1,195d9ea49faea576ce2a2c87c2cd31ca759a3c1a837344f3cece6ee35993a9ab,0,1.08037664,0.617,ff0238fadabeacbe199f90662d4559421f6d07757cb72462e57c1ea1778274d1
mixed-16,True,5,0,fifo,1,195d9ea49faea576ce2a2c87c2cd31ca759a3c1a837344f3cece6ee35993a9ab,0,1.081583641,0.617,ff0238fadabeacbe199f90662d4559421f6d07757cb72462e57c1ea1778274d1
mixed-16,True,5,1,list,1,195d9ea49faea576ce2a2c87c2cd31ca759a3c1a837344f3cece6ee35993a9ab,0,1.082460523,0.619,dab633f47868d2868ff3d68c0cee616970f8593a71881d1554f20e6c3a3da969
