case,arm,rounds,phase,pair,order,mode,milliseconds,input_sha256,stdout_sha256
chess-opening-hits,hash,0,contract,0,0,bmi2-popcnt,0,850901b59686e0df2093c2a9f5a0baf3a9916cf432133d85e80925ab6f24d737,4a540197cbafe6a698ef405227c728eda94162913569b746bbaaf79d4c2f50a0
chess-opening-hits,hash,1,contract,0,0,bmi2-popcnt,1,9acf1a4127281904debb092ca70203ee7abd506e40e65145277f8baf9fb38f9c,83b969035bb34f3316c5cd410741c02eb19f0404c1078978bd351ade7c86a80a
chess-opening-hits,hash,3,contract,0,0,bmi2-popcnt,0,793d418aa8c538cbaf76cd6b81fb6f2d8d623f1ad135028161f1be76c9adc97d,1744d161c42c879d77bc96552996145e175a8110eb1ef1812a1f139b4704e840
chess-opening-hits,scan,0,contract,0,0,bmi2-popcnt,0,850901b59686e0df2093c2a9f5a0baf3a9916cf432133d85e80925ab6f24d737,73f03005e6b37fe98f47dcac8a8c30149d361f7fc85f85448a9757419dd18b74
chess-opening-hits,scan,1,contract,0,0,bmi2-popcnt,1,9acf1a4127281904debb092ca70203ee7abd506e40e65145277f8baf9fb38f9c,156f4a0357d63865962d1e6a766d37333339a8add16b42ad87bc55c86e10f762
chess-opening-hits,scan,3,contract,0,0,bmi2-popcnt,1,793d418aa8c538cbaf76cd6b81fb6f2d8d623f1ad135028161f1be76c9adc97d,8473d491297c5982abddf28f182de28e1fa5c7b230761a5fa31f26c7af18e4d8
chess-opening-misses,hash,0,contract,0,0,bmi2-popcnt,0,6eb5fc748e8b18f6a89f99e7e7cce98da5a3ad863eb505d03a72ba6a3436935c,4a540197cbafe6a698ef405227c728eda94162913569b746bbaaf79d4c2f50a0
chess-opening-misses,hash,1,contract,0,0,bmi2-popcnt,0,c7d794be37558bbd02c0f31d3ede60d1fc1191383f5de0257aa4326e85620496,331bacc2b4f98badc504ae61b828d9021d0e4d75c83ae60fc7dc8e8ea4693650
chess-opening-misses,hash,3,contract,0,0,bmi2-popcnt,0,c0b4b54f60f6c849601690354ca28efe84b500e8c9319867821ec2fd130e8049,b35f6b856df4f0e92fedfa72fb6396caea940e64fb98ef901c17a668894f81b6
chess-opening-misses,scan,0,contract,0,0,bmi2-popcnt,0,6eb5fc748e8b18f6a89f99e7e7cce98da5a3ad863eb505d03a72ba6a3436935c,73f03005e6b37fe98f47dcac8a8c30149d361f7fc85f85448a9757419dd18b74
chess-opening-misses,scan,1,contract,0,0,bmi2-popcnt,1,c7d794be37558bbd02c0f31d3ede60d1fc1191383f5de0257aa4326e85620496,9c913ea18f8896dc382b35141f8812043beb3e20adbd2756fdab065ab3a672d6
chess-opening-misses,scan,3,contract,0,0,bmi2-popcnt,2,c0b4b54f60f6c849601690354ca28efe84b500e8c9319867821ec2fd130e8049,5c4b22e12eacc52a43bd5d89ac9ff37f0ed71cc4b3215fc1234f6ef7eb631267
chess-opening-churn,hash,0,contract,0,0,bmi2-popcnt,0,c13a6a5ec29e98c286d68f015934e4d1dc8c080ada3fe5426a89ab204d9869e8,4a540197cbafe6a698ef405227c728eda94162913569b746bbaaf79d4c2f50a0
chess-opening-churn,hash,1,contract,0,0,bmi2-popcnt,0,53e89c40a80de471e5ce08e5592e3e05835c12e18c94560fa15374738a6d5d77,98e250c248be98aa94261bdc4ac4396a7beabb7c0cb9870c33d1b4a30127b8eb
chess-opening-churn,hash,3,contract,0,0,bmi2-popcnt,1,0997f2c7e1abc0fd548cd2ff634c8b8e0036d7d22834138995464a42b645705a,8007c3346790ffbbc3c5dfe07647c2a43b9e4cb37682303df69c032aa989c421
chess-opening-churn,scan,0,contract,0,0,bmi2-popcnt,0,c13a6a5ec29e98c286d68f015934e4d1dc8c080ada3fe5426a89ab204d9869e8,73f03005e6b37fe98f47dcac8a8c30149d361f7fc85f85448a9757419dd18b74
chess-opening-churn,scan,1,contract,0,0,bmi2-popcnt,0,53e89c40a80de471e5ce08e5592e3e05835c12e18c94560fa15374738a6d5d77,82cb9db99f453ed84e4f26b3a3d7153088cd13df13370696d6d3bb050f9e4b68
chess-opening-churn,scan,3,contract,0,0,bmi2-popcnt,1,0997f2c7e1abc0fd548cd2ff634c8b8e0036d7d22834138995464a42b645705a,51569084fa59df30c263f2c9c14133deb3c32b392a15efcc8d1a1a9e9479f0aa
chess-castling-hits,hash,0,contract,0,0,bmi2-popcnt,0,798b9abca68afe2dfec5e4276a602a2ecda8a4c6bdf73f99d3696c5414b31b79,bd796b6a43eb84bd45097a1aa72e7d7989d775fdc9402b7f8ec0434f6c4233a1
chess-castling-hits,hash,1,contract,0,0,bmi2-popcnt,0,dff17f37ec9d02e2be1ead5a9fcb96cf9329e72e11e33b4bcbabbee0ebd555b2,e18ac61c4696e3e176eb79e95ff0100c1bce0debcaa88145df5546b4be798a4a
chess-castling-hits,hash,3,contract,0,0,bmi2-popcnt,0,f93046fb7842ae2067e0f9fdc0cd4d3530afc3774a6b758d63717d545e42bbbf,8696e7409e239fa985e7bb91179a8a9f871bf20f955d5a8761010fbe82fde39a
chess-castling-hits,scan,0,contract,0,0,bmi2-popcnt,0,798b9abca68afe2dfec5e4276a602a2ecda8a4c6bdf73f99d3696c5414b31b79,9c3c1580dd7055b76ee5de9edeaa56b90c2640e3c47e3080bc2472c38cec7fac
chess-castling-hits,scan,1,contract,0,0,bmi2-popcnt,0,dff17f37ec9d02e2be1ead5a9fcb96cf9329e72e11e33b4bcbabbee0ebd555b2,417d94813c4f18fc80d69c2f559ecbac349bb96687555983d3732f48406147c3
chess-castling-hits,scan,3,contract,0,0,bmi2-popcnt,0,f93046fb7842ae2067e0f9fdc0cd4d3530afc3774a6b758d63717d545e42bbbf,654da7f0a92b9983bd57d23cf6115fd4b1c5e0aa7e44ac0fd7877988cb75d294
chess-castling-misses,hash,0,contract,0,0,bmi2-popcnt,0,33e7e592c900f873780d75869eee1db0f3676a3815017fd88a020f54e4ff2835,bd796b6a43eb84bd45097a1aa72e7d7989d775fdc9402b7f8ec0434f6c4233a1
chess-castling-misses,hash,1,contract,0,0,bmi2-popcnt,0,55d46246f94edfd0fff3d4fb5a28b49bbfb4f77527615a0884326ddc3c401e74,cb11e0205f1c6126fe3eef6355b29d5698b75a6baba8f0a185f29e7534801e99
chess-castling-misses,hash,3,contract,0,0,bmi2-popcnt,0,e29e879fcf7114f0f28f420d2c01d8663f49085f876e6085852943ce32c4139c,27187b5569c213ad81747f9320459cb5afd8b29e758485ab82c8d21ec331221a
chess-castling-misses,scan,0,contract,0,0,bmi2-popcnt,0,33e7e592c900f873780d75869eee1db0f3676a3815017fd88a020f54e4ff2835,9c3c1580dd7055b76ee5de9edeaa56b90c2640e3c47e3080bc2472c38cec7fac
chess-castling-misses,scan,1,contract,0,0,bmi2-popcnt,0,55d46246f94edfd0fff3d4fb5a28b49bbfb4f77527615a0884326ddc3c401e74,7cdbf8e410ad0135ea63d2859782d22af88bd61bfb4d4ebf9608615f078caa5b
chess-castling-misses,scan,3,contract,0,0,bmi2-popcnt,2,e29e879fcf7114f0f28f420d2c01d8663f49085f876e6085852943ce32c4139c,9eb5a1012d987fec49d8a1cd7aba8eea3c5948a92fa6861f73eb1487cfd4b577
chess-castling-churn,hash,0,contract,0,0,bmi2-popcnt,0,104277d1488239753376953b1b71fc1f14b6e3fd40940016800db3ca5e748869,bd796b6a43eb84bd45097a1aa72e7d7989d775fdc9402b7f8ec0434f6c4233a1
chess-castling-churn,hash,1,contract,0,0,bmi2-popcnt,1,3d4dba21599d18b9d43c771575378604491ae75d688883f6cbab66e4c30542bb,eb5801c99fcbf0e6d862b8962637cd065ece167a2b29fb05227d752783e91366
chess-castling-churn,hash,3,contract,0,0,bmi2-popcnt,0,b03d570e59d09e6553bd629a27ad6c5028ef235ccc3f263ea7e1db0943b00ba3,dfee9b4095f165278f234756e3bb63aaf1a79c740a797fc42d1d365b0c38c08c
chess-castling-churn,scan,0,contract,0,0,bmi2-popcnt,0,104277d1488239753376953b1b71fc1f14b6e3fd40940016800db3ca5e748869,9c3c1580dd7055b76ee5de9edeaa56b90c2640e3c47e3080bc2472c38cec7fac
chess-castling-churn,scan,1,contract,0,0,bmi2-popcnt,1,3d4dba21599d18b9d43c771575378604491ae75d688883f6cbab66e4c30542bb,f2d1a6feeb27106932cd62aec61687452eae96df7cb0bddf68dc59ed23859019
chess-castling-churn,scan,3,contract,0,0,bmi2-popcnt,1,b03d570e59d09e6553bd629a27ad6c5028ef235ccc3f263ea7e1db0943b00ba3,b65eb6467b1df5711e8a647a6dd629595fd97691d4f30ecc35bd5883e87fe183
chess-ep-hits,hash,0,contract,0,0,bmi2-popcnt,0,c55f56101f336876d9bdb2cea2aead8a0291ba07efe35b033efc405af8b49c93,e8301aadf98ef51327c6b9f1063bbbff8704bbaf7cb29afbf67f34643af250b1
chess-ep-hits,hash,1,contract,0,0,bmi2-popcnt,0,17c8bad657c9551fb7468fb5354515470cc14a65b9716911b36d94e9a2b09cf4,e175d4c2cadce76991ea5951ce167ae6a9384969801b0a7eba489a5a06031443
chess-ep-hits,hash,3,contract,0,0,bmi2-popcnt,1,0fd08bec97d1c443ff476308975d33809006a62afbea5c8ccabe86a1410f6d13,032561c2591c9e3ed4e2bf15714236751ae994e2cac259c26e35588ca6dca317
chess-ep-hits,scan,0,contract,0,0,bmi2-popcnt,1,c55f56101f336876d9bdb2cea2aead8a0291ba07efe35b033efc405af8b49c93,4d3ff47bb6aac67af980c595fafda434bcedfc3ed73743d37b5479bf07d84ec5
chess-ep-hits,scan,1,contract,0,0,bmi2-popcnt,0,17c8bad657c9551fb7468fb5354515470cc14a65b9716911b36d94e9a2b09cf4,0d1928680dad17957402c2c5ce70055801b33085d5a47bdbf0cc3797b5a40e0c
chess-ep-hits,scan,3,contract,0,0,bmi2-popcnt,1,0fd08bec97d1c443ff476308975d33809006a62afbea5c8ccabe86a1410f6d13,93ba9dc50c527aefcfbd72fa7b07964dbc231dfa2e28337572f24b3b69fb97ed
chess-ep-misses,hash,0,contract,0,0,bmi2-popcnt,0,131729adc68cdaf29ae80c1fd8d1321e00b4b0a0dd259453e2c0cdf99e8ca324,e8301aadf98ef51327c6b9f1063bbbff8704bbaf7cb29afbf67f34643af250b1
chess-ep-misses,hash,1,contract,0,0,bmi2-popcnt,0,fe16f7162ab67cd0d4f18ee02386ea708757855ddcc576dd9f7986b11883d45c,e107605eee4eedc1e7d6b6d521f02267047897307a41b876caf572128e6020c4
chess-ep-misses,hash,3,contract,0,0,bmi2-popcnt,0,7d71072ed99eaf34869af21b83d40b183be5b60172c2e2d7b657c82738ef7ee4,ea0cf4a32979aa982e43a03fd191c228b05a899ea7d2bab1b6c7c231894823f3
chess-ep-misses,scan,0,contract,0,0,bmi2-popcnt,0,131729adc68cdaf29ae80c1fd8d1321e00b4b0a0dd259453e2c0cdf99e8ca324,5fd61b5a1ac4223997a26c1a08ae2fc2cffac243c03cbdc0e32eca6661a79b84
chess-ep-misses,scan,1,contract,0,0,bmi2-popcnt,0,fe16f7162ab67cd0d4f18ee02386ea708757855ddcc576dd9f7986b11883d45c,aff7aa2b6e42f127a8b2265fc20c9136613362f2bcba0b101976e00f7fa01d07
chess-ep-misses,scan,3,contract,0,0,bmi2-popcnt,2,7d71072ed99eaf34869af21b83d40b183be5b60172c2e2d7b657c82738ef7ee4,66bee156571d2352830e9ed554ddcae93113cb43652b15f4584d73e5a9537abf
chess-ep-churn,hash,0,contract,0,0,bmi2-popcnt,0,564be7563f278faa6a575d7406d532113e1c836f157224270334a8e8e4238d23,e8301aadf98ef51327c6b9f1063bbbff8704bbaf7cb29afbf67f34643af250b1
chess-ep-churn,hash,1,contract,0,0,bmi2-popcnt,0,463b3674e24a86fc94d132cd0e758587b4598958261f73297b3ffe314722d033,d5cfa23f6fbb86e19d9d9a2e5f256d301a1a2d5bf25eb5f09de6eb694a2fb42d
chess-ep-churn,hash,3,contract,0,0,bmi2-popcnt,1,37786679b415650e80fff4f1d0ca427710fae0dfce466e409815b45df5945cec,bd33d552a43a01535d19b3f0cc0a65fbab0af303bc85429b9368b12c2334f1df
chess-ep-churn,scan,0,contract,0,0,bmi2-popcnt,0,564be7563f278faa6a575d7406d532113e1c836f157224270334a8e8e4238d23,5fd61b5a1ac4223997a26c1a08ae2fc2cffac243c03cbdc0e32eca6661a79b84
chess-ep-churn,scan,1,contract,0,0,bmi2-popcnt,1,463b3674e24a86fc94d132cd0e758587b4598958261f73297b3ffe314722d033,4ea40a8df7725e0b14ca5f5611dcb734a4210099f08c47f344e827725aab9473
chess-ep-churn,scan,3,contract,0,0,bmi2-popcnt,1,37786679b415650e80fff4f1d0ca427710fae0dfce466e409815b45df5945cec,cd31bb987e83ac977cba4a0e9718854c8df2b07bdfabc2bddc7aab635ca05fff
chess-promotion-hits,hash,0,contract,0,0,bmi2-popcnt,0,dfb9dd155aadf8ff74fe4eb9d0bfe742d22b870b818d908e1bc81e436925c5c9,785e1830a42299a98b370dba33cb760d639776e2d659fbbace81db9d1d0d7f03
chess-promotion-hits,hash,1,contract,0,0,bmi2-popcnt,0,e7b1db5e5f0f258ab271c77abc7d4bd96c94ab8b44e0fae449256ffddb95cecf,fb624888065dfa706906ea0f1e77288a5d69e033e32d20bb417b92410db689f6
chess-promotion-hits,hash,3,contract,0,0,bmi2-popcnt,0,7a88d9554c6e59cf3b9b972b4c2aeddf412655a352c4418259ef0483744db55b,2082e6276df5918576be9560724253b5a3afa9a28f2021567225a7e46da0a6c9
chess-promotion-hits,scan,0,contract,0,0,bmi2-popcnt,0,dfb9dd155aadf8ff74fe4eb9d0bfe742d22b870b818d908e1bc81e436925c5c9,46801ce63b85899660305dbbca9a615572c3aafa608e97e7154e2cf57e78b78f
chess-promotion-hits,scan,1,contract,0,0,bmi2-popcnt,0,e7b1db5e5f0f258ab271c77abc7d4bd96c94ab8b44e0fae449256ffddb95cecf,ca4acb8b3c0645cbf959fe86173cb0d18fcbe043bccc8c7c0828328b18929ea9
chess-promotion-hits,scan,3,contract,0,0,bmi2-popcnt,0,7a88d9554c6e59cf3b9b972b4c2aeddf412655a352c4418259ef0483744db55b,b6a8894f72646ea21ba32d7efa5c8aad28f150a260ff63efa542f1598c79ad3e
chess-promotion-misses,hash,0,contract,0,0,bmi2-popcnt,0,dee98a0710de55595974d0ec64747121862a29c206f87384c0b4b1ed78de4f98,785e1830a42299a98b370dba33cb760d639776e2d659fbbace81db9d1d0d7f03
chess-promotion-misses,hash,1,contract,0,0,bmi2-popcnt,0,72ccfc95940e834f31ecfab23d125df78e7d9f26159dda1d608d1b854da543eb,320ee5ba326ed2b930dfd138702344298049ac9600ee75919f664ede70b4dfdc
chess-promotion-misses,hash,3,contract,0,0,bmi2-popcnt,0,f7d50fbbac936ae25d03adcc1ea8f4c4362daa3a4c8e3eb4a90bf87154acb657,d5071ee809908a427b33b834d91a7952a7b291edceeaa966f7e82be167a48ee6
chess-promotion-misses,scan,0,contract,0,0,bmi2-popcnt,0,dee98a0710de55595974d0ec64747121862a29c206f87384c0b4b1ed78de4f98,46801ce63b85899660305dbbca9a615572c3aafa608e97e7154e2cf57e78b78f
chess-promotion-misses,scan,1,contract,0,0,bmi2-popcnt,1,72ccfc95940e834f31ecfab23d125df78e7d9f26159dda1d608d1b854da543eb,6757fcf6fcf2e7514ab31d1f53c64dc3ee29012785b8b984a2cad4eebc1d5c15
chess-promotion-misses,scan,3,contract,0,0,bmi2-popcnt,2,f7d50fbbac936ae25d03adcc1ea8f4c4362daa3a4c8e3eb4a90bf87154acb657,a67b90478240b78cc0f8a3b90ee6cb8ec93e6caf8b5acbabc923bac820a528ea
chess-promotion-churn,hash,0,contract,0,0,bmi2-popcnt,0,24890df2ae60826f630cd2e0a5e68efccbf0fb95c85a917f0c0456d34585a9ff,785e1830a42299a98b370dba33cb760d639776e2d659fbbace81db9d1d0d7f03
chess-promotion-churn,hash,1,contract,0,0,bmi2-popcnt,0,3575f9e9becde89e0e5c145c9d519481a4adddf37b96d2545af6d1c9607b74ba,49587757c8907100bbfa5749c370c79eb1c65d4690ffc0ae307358bb50e4d20f
chess-promotion-churn,hash,3,contract,0,0,bmi2-popcnt,0,29e39480905dbe53e7d05d76ec23fbb95b35c65acdc1826b3d456d90cd361915,651caf9716cc7d3dd2b6e96d133ab7d7e56092aa542405b7110b2aace29013ea
chess-promotion-churn,scan,0,contract,0,0,bmi2-popcnt,0,24890df2ae60826f630cd2e0a5e68efccbf0fb95c85a917f0c0456d34585a9ff,46801ce63b85899660305dbbca9a615572c3aafa608e97e7154e2cf57e78b78f
chess-promotion-churn,scan,1,contract,0,0,bmi2-popcnt,0,3575f9e9becde89e0e5c145c9d519481a4adddf37b96d2545af6d1c9607b74ba,68599bbf6881974995774adb6f2e067118c5fd7a6bd3ea103ba577fe03ebff3d
chess-promotion-churn,scan,3,contract,0,0,bmi2-popcnt,1,29e39480905dbe53e7d05d76ec23fbb95b35c65acdc1826b3d456d90cd361915,9bc86d4f7d88630889c24863face59456f366b074694e78dd0e8ba22c8743598
chess-opening-hits,hash,0,contract,0,0,ubsan,0,850901b59686e0df2093c2a9f5a0baf3a9916cf432133d85e80925ab6f24d737,4a540197cbafe6a698ef405227c728eda94162913569b746bbaaf79d4c2f50a0
chess-opening-hits,hash,1,contract,0,0,ubsan,0,9acf1a4127281904debb092ca70203ee7abd506e40e65145277f8baf9fb38f9c,7320c2da99988b3fd94ba5cf1f93934d813afbd622fa467215de5fa60cd6b529
chess-opening-hits,hash,3,contract,0,0,ubsan,0,793d418aa8c538cbaf76cd6b81fb6f2d8d623f1ad135028161f1be76c9adc97d,1744d161c42c879d77bc96552996145e175a8110eb1ef1812a1f139b4704e840
chess-opening-hits,scan,0,contract,0,0,ubsan,0,850901b59686e0df2093c2a9f5a0baf3a9916cf432133d85e80925ab6f24d737,73f03005e6b37fe98f47dcac8a8c30149d361f7fc85f85448a9757419dd18b74
chess-opening-hits,scan,1,contract,0,0,ubsan,1,9acf1a4127281904debb092ca70203ee7abd506e40e65145277f8baf9fb38f9c,156f4a0357d63865962d1e6a766d37333339a8add16b42ad87bc55c86e10f762
chess-opening-hits,scan,3,contract,0,0,ubsan,1,793d418aa8c538cbaf76cd6b81fb6f2d8d623f1ad135028161f1be76c9adc97d,8473d491297c5982abddf28f182de28e1fa5c7b230761a5fa31f26c7af18e4d8
chess-opening-misses,hash,0,contract,0,0,ubsan,0,6eb5fc748e8b18f6a89f99e7e7cce98da5a3ad863eb505d03a72ba6a3436935c,4a540197cbafe6a698ef405227c728eda94162913569b746bbaaf79d4c2f50a0
chess-opening-misses,hash,1,contract,0,0,ubsan,0,c7d794be37558bbd02c0f31d3ede60d1fc1191383f5de0257aa4326e85620496,331bacc2b4f98badc504ae61b828d9021d0e4d75c83ae60fc7dc8e8ea4693650
chess-opening-misses,hash,3,contract,0,0,ubsan,1,c0b4b54f60f6c849601690354ca28efe84b500e8c9319867821ec2fd130e8049,a1389ef73fe98b8da1561f7d304312d8916b27603658213b16e9a08835a56330
chess-opening-misses,scan,0,contract,0,0,ubsan,0,6eb5fc748e8b18f6a89f99e7e7cce98da5a3ad863eb505d03a72ba6a3436935c,73f03005e6b37fe98f47dcac8a8c30149d361f7fc85f85448a9757419dd18b74
chess-opening-misses,scan,1,contract,0,0,ubsan,1,c7d794be37558bbd02c0f31d3ede60d1fc1191383f5de0257aa4326e85620496,9c913ea18f8896dc382b35141f8812043beb3e20adbd2756fdab065ab3a672d6
chess-opening-misses,scan,3,contract,0,0,ubsan,2,c0b4b54f60f6c849601690354ca28efe84b500e8c9319867821ec2fd130e8049,5c4b22e12eacc52a43bd5d89ac9ff37f0ed71cc4b3215fc1234f6ef7eb631267
chess-opening-churn,hash,0,contract,0,0,ubsan,0,c13a6a5ec29e98c286d68f015934e4d1dc8c080ada3fe5426a89ab204d9869e8,4a540197cbafe6a698ef405227c728eda94162913569b746bbaaf79d4c2f50a0
chess-opening-churn,hash,1,contract,0,0,ubsan,0,53e89c40a80de471e5ce08e5592e3e05835c12e18c94560fa15374738a6d5d77,98e250c248be98aa94261bdc4ac4396a7beabb7c0cb9870c33d1b4a30127b8eb
chess-opening-churn,hash,3,contract,0,0,ubsan,1,0997f2c7e1abc0fd548cd2ff634c8b8e0036d7d22834138995464a42b645705a,8007c3346790ffbbc3c5dfe07647c2a43b9e4cb37682303df69c032aa989c421
chess-opening-churn,scan,0,contract,0,0,ubsan,0,c13a6a5ec29e98c286d68f015934e4d1dc8c080ada3fe5426a89ab204d9869e8,73f03005e6b37fe98f47dcac8a8c30149d361f7fc85f85448a9757419dd18b74
chess-opening-churn,scan,1,contract,0,0,ubsan,0,53e89c40a80de471e5ce08e5592e3e05835c12e18c94560fa15374738a6d5d77,82cb9db99f453ed84e4f26b3a3d7153088cd13df13370696d6d3bb050f9e4b68
chess-opening-churn,scan,3,contract,0,0,ubsan,1,0997f2c7e1abc0fd548cd2ff634c8b8e0036d7d22834138995464a42b645705a,51569084fa59df30c263f2c9c14133deb3c32b392a15efcc8d1a1a9e9479f0aa
chess-castling-hits,hash,0,contract,0,0,ubsan,0,798b9abca68afe2dfec5e4276a602a2ecda8a4c6bdf73f99d3696c5414b31b79,bd796b6a43eb84bd45097a1aa72e7d7989d775fdc9402b7f8ec0434f6c4233a1
chess-castling-hits,hash,1,contract,0,0,ubsan,0,dff17f37ec9d02e2be1ead5a9fcb96cf9329e72e11e33b4bcbabbee0ebd555b2,e18ac61c4696e3e176eb79e95ff0100c1bce0debcaa88145df5546b4be798a4a
chess-castling-hits,hash,3,contract,0,0,ubsan,0,f93046fb7842ae2067e0f9fdc0cd4d3530afc3774a6b758d63717d545e42bbbf,8696e7409e239fa985e7bb91179a8a9f871bf20f955d5a8761010fbe82fde39a
chess-castling-hits,scan,0,contract,0,0,ubsan,0,798b9abca68afe2dfec5e4276a602a2ecda8a4c6bdf73f99d3696c5414b31b79,9c3c1580dd7055b76ee5de9edeaa56b90c2640e3c47e3080bc2472c38cec7fac
chess-castling-hits,scan,1,contract,0,0,ubsan,0,dff17f37ec9d02e2be1ead5a9fcb96cf9329e72e11e33b4bcbabbee0ebd555b2,417d94813c4f18fc80d69c2f559ecbac349bb96687555983d3732f48406147c3
chess-castling-hits,scan,3,contract,0,0,ubsan,1,f93046fb7842ae2067e0f9fdc0cd4d3530afc3774a6b758d63717d545e42bbbf,4ac30305bda13be05732605348b5f5c58d73fa6af0a1918963acbacb75a78ae6
chess-castling-misses,hash,0,contract,0,0,ubsan,0,33e7e592c900f873780d75869eee1db0f3676a3815017fd88a020f54e4ff2835,bd796b6a43eb84bd45097a1aa72e7d7989d775fdc9402b7f8ec0434f6c4233a1
chess-castling-misses,hash,1,contract,0,0,ubsan,0,55d46246f94edfd0fff3d4fb5a28b49bbfb4f77527615a0884326ddc3c401e74,cb11e0205f1c6126fe3eef6355b29d5698b75a6baba8f0a185f29e7534801e99
chess-castling-misses,hash,3,contract,0,0,ubsan,0,e29e879fcf7114f0f28f420d2c01d8663f49085f876e6085852943ce32c4139c,27187b5569c213ad81747f9320459cb5afd8b29e758485ab82c8d21ec331221a
chess-castling-misses,scan,0,contract,0,0,ubsan,0,33e7e592c900f873780d75869eee1db0f3676a3815017fd88a020f54e4ff2835,9c3c1580dd7055b76ee5de9edeaa56b90c2640e3c47e3080bc2472c38cec7fac
chess-castling-misses,scan,1,contract,0,0,ubsan,1,55d46246f94edfd0fff3d4fb5a28b49bbfb4f77527615a0884326ddc3c401e74,8180973bd5640961239cf7a23f23a2739578bfb53834ec7536b10e68364c9725
chess-castling-misses,scan,3,contract,0,0,ubsan,2,e29e879fcf7114f0f28f420d2c01d8663f49085f876e6085852943ce32c4139c,9eb5a1012d987fec49d8a1cd7aba8eea3c5948a92fa6861f73eb1487cfd4b577
chess-castling-churn,hash,0,contract,0,0,ubsan,0,104277d1488239753376953b1b71fc1f14b6e3fd40940016800db3ca5e748869,bd796b6a43eb84bd45097a1aa72e7d7989d775fdc9402b7f8ec0434f6c4233a1
chess-castling-churn,hash,1,contract,0,0,ubsan,1,3d4dba21599d18b9d43c771575378604491ae75d688883f6cbab66e4c30542bb,eb5801c99fcbf0e6d862b8962637cd065ece167a2b29fb05227d752783e91366
chess-castling-churn,hash,3,contract,0,0,ubsan,1,b03d570e59d09e6553bd629a27ad6c5028ef235ccc3f263ea7e1db0943b00ba3,bc8b44a697af6c33b5a38bb61050e069daf7e4e8343fe8ef5ffd0b9cfaa0da0d
chess-castling-churn,scan,0,contract,0,0,ubsan,0,104277d1488239753376953b1b71fc1f14b6e3fd40940016800db3ca5e748869,9c3c1580dd7055b76ee5de9edeaa56b90c2640e3c47e3080bc2472c38cec7fac
chess-castling-churn,scan,1,contract,0,0,ubsan,0,3d4dba21599d18b9d43c771575378604491ae75d688883f6cbab66e4c30542bb,e63936eb21c1d4f2c95c0211ac9fa7fadcbc8e7c7e198bd15826ec4c0791a4df
chess-castling-churn,scan,3,contract,0,0,ubsan,2,b03d570e59d09e6553bd629a27ad6c5028ef235ccc3f263ea7e1db0943b00ba3,08851fc77353bdec8dcbb609a39bc919c8f6e1f8477f16a411ed66afecbe7759
chess-ep-hits,hash,0,contract,0,0,ubsan,0,c55f56101f336876d9bdb2cea2aead8a0291ba07efe35b033efc405af8b49c93,e8301aadf98ef51327c6b9f1063bbbff8704bbaf7cb29afbf67f34643af250b1
chess-ep-hits,hash,1,contract,0,0,ubsan,0,17c8bad657c9551fb7468fb5354515470cc14a65b9716911b36d94e9a2b09cf4,e175d4c2cadce76991ea5951ce167ae6a9384969801b0a7eba489a5a06031443
chess-ep-hits,hash,3,contract,0,0,ubsan,0,0fd08bec97d1c443ff476308975d33809006a62afbea5c8ccabe86a1410f6d13,603ceba1786377e807de267a19804b957fc9e0325bfd86e61a49b10123caa115
chess-ep-hits,scan,0,contract,0,0,ubsan,0,c55f56101f336876d9bdb2cea2aead8a0291ba07efe35b033efc405af8b49c93,5fd61b5a1ac4223997a26c1a08ae2fc2cffac243c03cbdc0e32eca6661a79b84
chess-ep-hits,scan,1,contract,0,0,ubsan,0,17c8bad657c9551fb7468fb5354515470cc14a65b9716911b36d94e9a2b09cf4,0d1928680dad17957402c2c5ce70055801b33085d5a47bdbf0cc3797b5a40e0c
chess-ep-hits,scan,3,contract,0,0,ubsan,1,0fd08bec97d1c443ff476308975d33809006a62afbea5c8ccabe86a1410f6d13,93ba9dc50c527aefcfbd72fa7b07964dbc231dfa2e28337572f24b3b69fb97ed
chess-ep-misses,hash,0,contract,0,0,ubsan,0,131729adc68cdaf29ae80c1fd8d1321e00b4b0a0dd259453e2c0cdf99e8ca324,e8301aadf98ef51327c6b9f1063bbbff8704bbaf7cb29afbf67f34643af250b1
chess-ep-misses,hash,1,contract,0,0,ubsan,0,fe16f7162ab67cd0d4f18ee02386ea708757855ddcc576dd9f7986b11883d45c,e107605eee4eedc1e7d6b6d521f02267047897307a41b876caf572128e6020c4
chess-ep-misses,hash,3,contract,0,0,ubsan,1,7d71072ed99eaf34869af21b83d40b183be5b60172c2e2d7b657c82738ef7ee4,8e6d608360b5d6f57a70a708dc2fc2e6e61a7aef93dd33dc300fc7c693c6809f
chess-ep-misses,scan,0,contract,0,0,ubsan,0,131729adc68cdaf29ae80c1fd8d1321e00b4b0a0dd259453e2c0cdf99e8ca324,5fd61b5a1ac4223997a26c1a08ae2fc2cffac243c03cbdc0e32eca6661a79b84
chess-ep-misses,scan,1,contract,0,0,ubsan,0,fe16f7162ab67cd0d4f18ee02386ea708757855ddcc576dd9f7986b11883d45c,aff7aa2b6e42f127a8b2265fc20c9136613362f2bcba0b101976e00f7fa01d07
chess-ep-misses,scan,3,contract,0,0,ubsan,2,7d71072ed99eaf34869af21b83d40b183be5b60172c2e2d7b657c82738ef7ee4,66bee156571d2352830e9ed554ddcae93113cb43652b15f4584d73e5a9537abf
chess-ep-churn,hash,0,contract,0,0,ubsan,0,564be7563f278faa6a575d7406d532113e1c836f157224270334a8e8e4238d23,e8301aadf98ef51327c6b9f1063bbbff8704bbaf7cb29afbf67f34643af250b1
chess-ep-churn,hash,1,contract,0,0,ubsan,0,463b3674e24a86fc94d132cd0e758587b4598958261f73297b3ffe314722d033,d5cfa23f6fbb86e19d9d9a2e5f256d301a1a2d5bf25eb5f09de6eb694a2fb42d
chess-ep-churn,hash,3,contract,0,0,ubsan,1,37786679b415650e80fff4f1d0ca427710fae0dfce466e409815b45df5945cec,bd33d552a43a01535d19b3f0cc0a65fbab0af303bc85429b9368b12c2334f1df
chess-ep-churn,scan,0,contract,0,0,ubsan,0,564be7563f278faa6a575d7406d532113e1c836f157224270334a8e8e4238d23,5fd61b5a1ac4223997a26c1a08ae2fc2cffac243c03cbdc0e32eca6661a79b84
chess-ep-churn,scan,1,contract,0,0,ubsan,1,463b3674e24a86fc94d132cd0e758587b4598958261f73297b3ffe314722d033,4ea40a8df7725e0b14ca5f5611dcb734a4210099f08c47f344e827725aab9473
chess-ep-churn,scan,3,contract,0,0,ubsan,1,37786679b415650e80fff4f1d0ca427710fae0dfce466e409815b45df5945cec,cd31bb987e83ac977cba4a0e9718854c8df2b07bdfabc2bddc7aab635ca05fff
chess-promotion-hits,hash,0,contract,0,0,ubsan,0,dfb9dd155aadf8ff74fe4eb9d0bfe742d22b870b818d908e1bc81e436925c5c9,785e1830a42299a98b370dba33cb760d639776e2d659fbbace81db9d1d0d7f03
chess-promotion-hits,hash,1,contract,0,0,ubsan,0,e7b1db5e5f0f258ab271c77abc7d4bd96c94ab8b44e0fae449256ffddb95cecf,fb624888065dfa706906ea0f1e77288a5d69e033e32d20bb417b92410db689f6
chess-promotion-hits,hash,3,contract,0,0,ubsan,0,7a88d9554c6e59cf3b9b972b4c2aeddf412655a352c4418259ef0483744db55b,2082e6276df5918576be9560724253b5a3afa9a28f2021567225a7e46da0a6c9
chess-promotion-hits,scan,0,contract,0,0,ubsan,0,dfb9dd155aadf8ff74fe4eb9d0bfe742d22b870b818d908e1bc81e436925c5c9,46801ce63b85899660305dbbca9a615572c3aafa608e97e7154e2cf57e78b78f
chess-promotion-hits,scan,1,contract,0,0,ubsan,0,e7b1db5e5f0f258ab271c77abc7d4bd96c94ab8b44e0fae449256ffddb95cecf,ca4acb8b3c0645cbf959fe86173cb0d18fcbe043bccc8c7c0828328b18929ea9
chess-promotion-hits,scan,3,contract,0,0,ubsan,1,7a88d9554c6e59cf3b9b972b4c2aeddf412655a352c4418259ef0483744db55b,ce44e6dcee4a21234584ec8e22e72355eaad049b02a80fa73c2f6faff74e36d9
chess-promotion-misses,hash,0,contract,0,0,ubsan,1,dee98a0710de55595974d0ec64747121862a29c206f87384c0b4b1ed78de4f98,267602a2966b5d17e5761cd4fc3efb8fddfda76b70a0c37699ed00e2a8251f0f
chess-promotion-misses,hash,1,contract,0,0,ubsan,0,72ccfc95940e834f31ecfab23d125df78e7d9f26159dda1d608d1b854da543eb,320ee5ba326ed2b930dfd138702344298049ac9600ee75919f664ede70b4dfdc
chess-promotion-misses,hash,3,contract,0,0,ubsan,0,f7d50fbbac936ae25d03adcc1ea8f4c4362daa3a4c8e3eb4a90bf87154acb657,d5071ee809908a427b33b834d91a7952a7b291edceeaa966f7e82be167a48ee6
chess-promotion-misses,scan,0,contract,0,0,ubsan,0,dee98a0710de55595974d0ec64747121862a29c206f87384c0b4b1ed78de4f98,46801ce63b85899660305dbbca9a615572c3aafa608e97e7154e2cf57e78b78f
chess-promotion-misses,scan,1,contract,0,0,ubsan,0,72ccfc95940e834f31ecfab23d125df78e7d9f26159dda1d608d1b854da543eb,b07ce9c2cfa96f6cf93728550418544577fc6884958c99b3895e16972e19d144
chess-promotion-misses,scan,3,contract,0,0,ubsan,1,f7d50fbbac936ae25d03adcc1ea8f4c4362daa3a4c8e3eb4a90bf87154acb657,c4f4d4077df943f7733db6bfb738a67f178436de435e92bb0146fdb9f7e33ff1
chess-promotion-churn,hash,0,contract,0,0,ubsan,0,24890df2ae60826f630cd2e0a5e68efccbf0fb95c85a917f0c0456d34585a9ff,785e1830a42299a98b370dba33cb760d639776e2d659fbbace81db9d1d0d7f03
chess-promotion-churn,hash,1,contract,0,0,ubsan,0,3575f9e9becde89e0e5c145c9d519481a4adddf37b96d2545af6d1c9607b74ba,49587757c8907100bbfa5749c370c79eb1c65d4690ffc0ae307358bb50e4d20f
chess-promotion-churn,hash,3,contract,0,0,ubsan,0,29e39480905dbe53e7d05d76ec23fbb95b35c65acdc1826b3d456d90cd361915,651caf9716cc7d3dd2b6e96d133ab7d7e56092aa542405b7110b2aace29013ea
chess-promotion-churn,scan,0,contract,0,0,ubsan,0,24890df2ae60826f630cd2e0a5e68efccbf0fb95c85a917f0c0456d34585a9ff,46801ce63b85899660305dbbca9a615572c3aafa608e97e7154e2cf57e78b78f
chess-promotion-churn,scan,1,contract,0,0,ubsan,0,3575f9e9becde89e0e5c145c9d519481a4adddf37b96d2545af6d1c9607b74ba,68599bbf6881974995774adb6f2e067118c5fd7a6bd3ea103ba577fe03ebff3d
chess-promotion-churn,scan,3,contract,0,0,ubsan,1,29e39480905dbe53e7d05d76ec23fbb95b35c65acdc1826b3d456d90cd361915,9bc86d4f7d88630889c24863face59456f366b074694e78dd0e8ba22c8743598
chess-opening-hits,hash,32,calibration,0,0,bmi2-popcnt,1,cfa6bd38a87a5c04c7163c3085ef7e8e10ceea225eb792af2a21fbfacda97548,0c66119d7257b1d8991f515ce47069baf1bf91962c9069371c8a6238f2d73e48
chess-opening-hits,scan,32,calibration,0,1,bmi2-popcnt,8,cfa6bd38a87a5c04c7163c3085ef7e8e10ceea225eb792af2a21fbfacda97548,447ba9207b1322eff309c27f7ec8f4e1eb8a9666d23ee1daed58b33f161776af
chess-opening-hits,hash,64,calibration,1,0,bmi2-popcnt,4,e658ef9188a8c6cd0f0090823bf25babe050c159d55e6f176bf84d17ca653fe9,fe9acd27f4fd23b76df78a70a43205ac6d719ddc54e29ca1f23bd4bb26b0672b
chess-opening-hits,scan,64,calibration,1,1,bmi2-popcnt,17,e658ef9188a8c6cd0f0090823bf25babe050c159d55e6f176bf84d17ca653fe9,06401839befd610c71e26d6e5b3f1995c117198ebd3b5646fcf0e3f824134825
chess-opening-hits,hash,128,calibration,2,0,bmi2-popcnt,6,f3059080f89c6ee206b440f964d61e50428dbbf76487e73df61d131716c1c49b,2b396273debb8cb177e4e0746937118af0f1f12681ecdaeed46272a805702d13
chess-opening-hits,scan,128,calibration,2,1,bmi2-popcnt,33,f3059080f89c6ee206b440f964d61e50428dbbf76487e73df61d131716c1c49b,73285fdc04dc038d3853417c7d7212681e7a6b968fb248b4c78042ededb8482e
chess-opening-hits,hash,256,calibration,3,0,bmi2-popcnt,13,b2c53f4fa3c2d2a9c19faa6bc0615c78e3e648109aa3faa8a827a0ceb56a8eac,7e9944c92cf5a269b595dd9cfaf712c29e2a9d6d0c806228fee26a80d9e37f26
chess-opening-hits,scan,256,calibration,3,1,bmi2-popcnt,65,b2c53f4fa3c2d2a9c19faa6bc0615c78e3e648109aa3faa8a827a0ceb56a8eac,0983cb66b2f1b4215695317a20c64753e40f2208a11c734e161604b48cb7454f
chess-opening-hits,hash,512,calibration,4,0,bmi2-popcnt,24,83a18185d0db9a8762307f19ee860a828aeb2fad3be170ede19713f132fdb1c9,6dbf1a01098a2f7378bc1f4044d71ea617e0470b9e3b4208237c2f9ae3537759
chess-opening-hits,scan,512,calibration,4,1,bmi2-popcnt,126,83a18185d0db9a8762307f19ee860a828aeb2fad3be170ede19713f132fdb1c9,cbda25a934ab73d8d5da55c5eed15c62757cf4c3069459acb7b5a73e2bd3ec7d
chess-opening-hits,hash,1024,calibration,5,0,bmi2-popcnt,52,b66d11fece331fb55e86ae856e3fc16e5ff50af7280ed8e83cb8d8e41788960b,caaff9f5e4455d3923c461d8f143958e98c23e42fd499ba563f912d2a7447ccd
chess-opening-hits,scan,1024,calibration,5,1,bmi2-popcnt,253,b66d11fece331fb55e86ae856e3fc16e5ff50af7280ed8e83cb8d8e41788960b,0af435961292c049f7e660c8f31b3f6b2bcba9cfd736c50103dcb5c75f273696
chess-opening-hits,hash,2048,calibration,6,0,bmi2-popcnt,93,85765730da4da10056800bc59bb7d84639f71ae7f318730cfec164c44651b661,53074d6f36bcf217b895a4377f173ee8c704c84946d560785754ad9403b8f007
chess-opening-hits,scan,2048,calibration,6,1,bmi2-popcnt,506,85765730da4da10056800bc59bb7d84639f71ae7f318730cfec164c44651b661,e77567b4200397bd605d7125defbc85c78582096144d50299dcdc0cb02c2f899
chess-opening-hits,hash,2048,measurement,0,0,bmi2-popcnt,91,85765730da4da10056800bc59bb7d84639f71ae7f318730cfec164c44651b661,7955626aca4d83b75bb917a5c65e5df50c627c79348514b931db786198026a42
chess-opening-hits,scan,2048,measurement,0,1,bmi2-popcnt,498,85765730da4da10056800bc59bb7d84639f71ae7f318730cfec164c44651b661,0e62f1b35b471595edf37cfcb034bad917ecd285a2b9fafe9f544eb0525eb75c
chess-opening-hits,scan,2048,measurement,1,0,bmi2-popcnt,501,85765730da4da10056800bc59bb7d84639f71ae7f318730cfec164c44651b661,b8ac995202c0c9f2a17a7bac697b8fee6012f27c236e2f0cfb6043a6dcdc433b
chess-opening-hits,hash,2048,measurement,1,1,bmi2-popcnt,87,85765730da4da10056800bc59bb7d84639f71ae7f318730cfec164c44651b661,1556680d73f44e404970f78067c9e9630c4d7072a3aa3c83f937f4d59b5674a7
chess-opening-hits,hash,2048,measurement,2,0,bmi2-popcnt,97,85765730da4da10056800bc59bb7d84639f71ae7f318730cfec164c44651b661,baaa7afa1e6b7bfa283024eff5db954b02479987aa4e29deac7de45a00f84da8
chess-opening-hits,scan,2048,measurement,2,1,bmi2-popcnt,541,85765730da4da10056800bc59bb7d84639f71ae7f318730cfec164c44651b661,5c5598742ae751e94432acbaf01726f0c77e706f7e501aa356bf12cf576a7bd5
chess-opening-hits,scan,2048,measurement,3,0,bmi2-popcnt,498,85765730da4da10056800bc59bb7d84639f71ae7f318730cfec164c44651b661,0e62f1b35b471595edf37cfcb034bad917ecd285a2b9fafe9f544eb0525eb75c
chess-opening-hits,hash,2048,measurement,3,1,bmi2-popcnt,89,85765730da4da10056800bc59bb7d84639f71ae7f318730cfec164c44651b661,d9e47df7486021ff5127992362f68970eddc93500d114f3e77aa4e1ba197b9c6
chess-opening-hits,hash,2048,measurement,4,0,bmi2-popcnt,85,85765730da4da10056800bc59bb7d84639f71ae7f318730cfec164c44651b661,47850b56b011af36f788c8ab2f2149b4b1ec3b679eeb2d5696d2217d2bebda82
chess-opening-hits,scan,2048,measurement,4,1,bmi2-popcnt,500,85765730da4da10056800bc59bb7d84639f71ae7f318730cfec164c44651b661,299f420fbbb9f962bc722195db071c12fb83c74f2193ed8bb4fea7ec0a9ec9dd
chess-opening-hits,scan,2048,measurement,5,0,bmi2-popcnt,496,85765730da4da10056800bc59bb7d84639f71ae7f318730cfec164c44651b661,f4908f0cd862879d7710c4423e5e78dfecea33d2470c277396de9938a2eec4df
chess-opening-hits,hash,2048,measurement,5,1,bmi2-popcnt,86,85765730da4da10056800bc59bb7d84639f71ae7f318730cfec164c44651b661,94e4e1668cdc23277868f5200bd326c0039fd0e08255d81907f8ed3c70d169fd
chess-opening-misses,hash,32,calibration,0,0,bmi2-popcnt,2,869fd7543d09a4cda964297bb72e8e27af10ef4c94f7e69228f215821fd2b3be,e4d779a91f4a9193f216bbacf8759a8c49842e9c61b5ae013eb412661f24e6ab
chess-opening-misses,scan,32,calibration,0,1,bmi2-popcnt,14,869fd7543d09a4cda964297bb72e8e27af10ef4c94f7e69228f215821fd2b3be,c2e9c9c063782cdf292cb9af093742fb005de123587029754c65fb2ef3df2cdb
chess-opening-misses,hash,64,calibration,1,0,bmi2-popcnt,3,4202c175a34aa2d686418a3289560491ff4a3499f128843598363a92cbdf2a81,1123ee84c49ec38f82bced0b306138d2d0a563943036cc42ac62da9a14290836
chess-opening-misses,scan,64,calibration,1,1,bmi2-popcnt,29,4202c175a34aa2d686418a3289560491ff4a3499f128843598363a92cbdf2a81,fbaa4f32e0add5e6b08b50d4cecbdbb818c78e4ab636d72ada8b94e241079f89
chess-opening-misses,hash,128,calibration,2,0,bmi2-popcnt,6,b0bd9a393606b6560ce41a3c80201e81dc7d2d40383756b951e6e6121d344908,fd8037989def21f61f0d0370c8236d417a7d144cad6d40f5d731028f0fd2fe8d
chess-opening-misses,scan,128,calibration,2,1,bmi2-popcnt,59,b0bd9a393606b6560ce41a3c80201e81dc7d2d40383756b951e6e6121d344908,614b0703f47b6718626af5b15d90820485d0b1150d43b8fa038e46862fc714ab
chess-opening-misses,hash,256,calibration,3,0,bmi2-popcnt,16,aa3620e76a37c6b89305443ff7c71d5b13bee430d276f5980bfe7e88f015e247,f9c5067aba9e131a4ac4aebfbc45bc2977e3ab235f8b9a054526ef8eb0197cab
chess-opening-misses,scan,256,calibration,3,1,bmi2-popcnt,113,aa3620e76a37c6b89305443ff7c71d5b13bee430d276f5980bfe7e88f015e247,083cbdc68d8c45123fbbc60fb82ad28ee85c88c9c265d20df8539312e9416e81
chess-opening-misses,hash,512,calibration,4,0,bmi2-popcnt,37,085ccac86f8526bc7504264d78c94767f5ef27c1fce86bce44b6fc5c88946c82,3a634703d479c305facdbe8a4f2ed7f0c4010fa9eaeecd92aa2ebd88cf92b96b
chess-opening-misses,scan,512,calibration,4,1,bmi2-popcnt,226,085ccac86f8526bc7504264d78c94767f5ef27c1fce86bce44b6fc5c88946c82,ee5a2bf9da052df181eacbf647e19614a2549f901e0540dded0829627c0189f5
chess-opening-misses,hash,1024,calibration,5,0,bmi2-popcnt,60,eaa0aa607d4170d99267c5535cc5f7d7753513b7135f863b2b9aacf46c30c031,3f6f6af61562b4f4aa11ee17f1c22df2850c3b5180db7da436c5181021c2f04f
chess-opening-misses,scan,1024,calibration,5,1,bmi2-popcnt,450,eaa0aa607d4170d99267c5535cc5f7d7753513b7135f863b2b9aacf46c30c031,a61c6680a83214e4e17f136bdb023b2b4f1981e6d9b558501a522f9db3288232
chess-opening-misses,hash,2048,calibration,6,0,bmi2-popcnt,96,0ee8ceafadcaea375bdfb18fdb54147d371869d252cdd0e5f8f20e7cec90c685,6c7652688e322b178324c6fcc1bf75137c0ff125bb77c00557ccc18a75e0f77d
chess-opening-misses,scan,2048,calibration,6,1,bmi2-popcnt,894,0ee8ceafadcaea375bdfb18fdb54147d371869d252cdd0e5f8f20e7cec90c685,076f298f49af2181378cda8a6210edce04661eeaf0c7cb8b9ca3aa7432144149
chess-opening-misses,hash,2048,measurement,0,0,bmi2-popcnt,102,0ee8ceafadcaea375bdfb18fdb54147d371869d252cdd0e5f8f20e7cec90c685,b3f3e737eb838089a11ee6d163ff54c4e385ba6a92f43158805dac7f29aa0f7b
chess-opening-misses,scan,2048,measurement,0,1,bmi2-popcnt,892,0ee8ceafadcaea375bdfb18fdb54147d371869d252cdd0e5f8f20e7cec90c685,7ba9d1d07ccd1d68e63b07da9ff91e802a779142796bc8b3609ce8e11704c890
chess-opening-misses,scan,2048,measurement,1,0,bmi2-popcnt,891,0ee8ceafadcaea375bdfb18fdb54147d371869d252cdd0e5f8f20e7cec90c685,d2a18741d35343f8e228b6065e47d55fffe43c86b669963d2ccf76e323e0ff43
chess-opening-misses,hash,2048,measurement,1,1,bmi2-popcnt,105,0ee8ceafadcaea375bdfb18fdb54147d371869d252cdd0e5f8f20e7cec90c685,4247330a9d9f109cc76507612fdb81bc194d64c93846640038b35cf555abc148
chess-opening-misses,hash,2048,measurement,2,0,bmi2-popcnt,97,0ee8ceafadcaea375bdfb18fdb54147d371869d252cdd0e5f8f20e7cec90c685,3cb4e9db0418b86cf480cf3c1a80e80ba525ff58d89da04df0aba4594f99e3be
chess-opening-misses,scan,2048,measurement,2,1,bmi2-popcnt,896,0ee8ceafadcaea375bdfb18fdb54147d371869d252cdd0e5f8f20e7cec90c685,63dec6f0998e0bccbf1600f4b54b072484918eb2f3144fefdaca6c6481eafc83
chess-opening-misses,scan,2048,measurement,3,0,bmi2-popcnt,894,0ee8ceafadcaea375bdfb18fdb54147d371869d252cdd0e5f8f20e7cec90c685,076f298f49af2181378cda8a6210edce04661eeaf0c7cb8b9ca3aa7432144149
chess-opening-misses,hash,2048,measurement,3,1,bmi2-popcnt,101,0ee8ceafadcaea375bdfb18fdb54147d371869d252cdd0e5f8f20e7cec90c685,acb9556ab986f6427943a608415fcdf5b6ad6a2c7b2ce5c7ea25934f6d5c94b9
chess-opening-misses,hash,2048,measurement,4,0,bmi2-popcnt,97,0ee8ceafadcaea375bdfb18fdb54147d371869d252cdd0e5f8f20e7cec90c685,3cb4e9db0418b86cf480cf3c1a80e80ba525ff58d89da04df0aba4594f99e3be
chess-opening-misses,scan,2048,measurement,4,1,bmi2-popcnt,888,0ee8ceafadcaea375bdfb18fdb54147d371869d252cdd0e5f8f20e7cec90c685,12ef894408cb23a375a8bad74ee0a094a48abc60c8de57d152ac5ecc6ff8e875
chess-opening-misses,scan,2048,measurement,5,0,bmi2-popcnt,888,0ee8ceafadcaea375bdfb18fdb54147d371869d252cdd0e5f8f20e7cec90c685,12ef894408cb23a375a8bad74ee0a094a48abc60c8de57d152ac5ecc6ff8e875
chess-opening-misses,hash,2048,measurement,5,1,bmi2-popcnt,99,0ee8ceafadcaea375bdfb18fdb54147d371869d252cdd0e5f8f20e7cec90c685,772365bd74ee011b8294ff4f82b6adffa1cbd27661592c6528d3b7f501a0a256
chess-opening-churn,hash,32,calibration,0,0,bmi2-popcnt,2,df8bc8c0c9957be1d7afef97dab7812ddcad4edbabc93cdb4fb27506461fd36c,7ecf9a2313b9b6f00c889ebc21652aeb83041598a3d9cfff341d4a9957b94278
chess-opening-churn,scan,32,calibration,0,1,bmi2-popcnt,10,df8bc8c0c9957be1d7afef97dab7812ddcad4edbabc93cdb4fb27506461fd36c,9153c7774cf35a43d6d92727740e8addca1565a3cf434c428495362543615739
chess-opening-churn,hash,64,calibration,1,0,bmi2-popcnt,5,70dc08c60d98058f9fbe79eacaf33421be10bb2cc90a3b6ce62ea049fca4b8e6,faa49b4ff0fed7b21cd134c443bd7c9a3dbd99c74518920f4a6a03fc4d4f8750
chess-opening-churn,scan,64,calibration,1,1,bmi2-popcnt,19,70dc08c60d98058f9fbe79eacaf33421be10bb2cc90a3b6ce62ea049fca4b8e6,7d85932bdbcfe13329f05073c00f48fc95709259aa68865029f507b79128ddd6
chess-opening-churn,hash,128,calibration,2,0,bmi2-popcnt,7,19ab99bfbb6d58370cb70099f79f3327983fcd70c93ae8b30308908096086439,d67c66295d970f2aa3cc390712e234d19a9a307f8921e67ba3878999b6a696c6
chess-opening-churn,scan,128,calibration,2,1,bmi2-popcnt,38,19ab99bfbb6d58370cb70099f79f3327983fcd70c93ae8b30308908096086439,678b09a3d50e9637fe19f1560543240948edcd80bffb9e307665c3c8c7d0e647
chess-opening-churn,hash,256,calibration,3,0,bmi2-popcnt,17,a22b254207e4c9db7ac9c56b5d3c35768527c3a3e1fe27c96e8cc555e2688bd2,95b6b862224c3d3bb2da71adf7bd6dbc27d014e494992cd9769b3f370c03eecb
chess-opening-churn,scan,256,calibration,3,1,bmi2-popcnt,76,a22b254207e4c9db7ac9c56b5d3c35768527c3a3e1fe27c96e8cc555e2688bd2,282b1bcef693715b18578db63459c33cbec2b886cf33760b2d5f240cf6696032
chess-opening-churn,hash,512,calibration,4,0,bmi2-popcnt,32,8639fbb23dc75943b01d0a256eed00cd98d6c55b687175330de7cf887a4e7ea0,0d23d2bf439a5318fac4198cd4bfa89972f61e4f06b306ef50f16b5dc173061e
chess-opening-churn,scan,512,calibration,4,1,bmi2-popcnt,150,8639fbb23dc75943b01d0a256eed00cd98d6c55b687175330de7cf887a4e7ea0,d19c40ad2142760b5c6805aed5871bb572e0ed98c24141da846fc3879480f6c3
chess-opening-churn,hash,1024,calibration,5,0,bmi2-popcnt,60,687329b6124e5d5cdc60b32d391bfc5a65d109c746d58e84d267b7c8d8602ed0,d0c39063a774c7fcc969c034a1968ce443702472e0c7dc98b68ac59e4b8ef573
chess-opening-churn,scan,1024,calibration,5,1,bmi2-popcnt,295,687329b6124e5d5cdc60b32d391bfc5a65d109c746d58e84d267b7c8d8602ed0,89b37193d37e33e8674fd9147cd39e1047c7235457ee6cdbe2470d18b0e3cf8e
chess-opening-churn,hash,2048,calibration,6,0,bmi2-popcnt,112,038bc02bec40227ab492172e42cfd627c0808554e7bfb714246220c49cdfe386,b16567d137542fe6a4c5db7c14236b97763d5b94671657b35783bddf21e64d98
chess-opening-churn,scan,2048,calibration,6,1,bmi2-popcnt,591,038bc02bec40227ab492172e42cfd627c0808554e7bfb714246220c49cdfe386,660ddb082cb09435c36154660ffb4a637cd4f0e89f640e8f60f95999107cdc16
chess-opening-churn,hash,2048,measurement,0,0,bmi2-popcnt,115,038bc02bec40227ab492172e42cfd627c0808554e7bfb714246220c49cdfe386,05a1064d855c50a192e88849ca0bec9b43d6d9cb71992dda370c7a570d279360
chess-opening-churn,scan,2048,measurement,0,1,bmi2-popcnt,597,038bc02bec40227ab492172e42cfd627c0808554e7bfb714246220c49cdfe386,cf3036790bf580cd69d4a47e50733ada31325c11f4a06ce303487cb1a2822506
chess-opening-churn,scan,2048,measurement,1,0,bmi2-popcnt,592,038bc02bec40227ab492172e42cfd627c0808554e7bfb714246220c49cdfe386,0c9e2e3a891ebab835561b4ae11a686738b7ff885222ca6805005d7912d546e9
chess-opening-churn,hash,2048,measurement,1,1,bmi2-popcnt,111,038bc02bec40227ab492172e42cfd627c0808554e7bfb714246220c49cdfe386,397da53b4cc9a43620b80de2557de2abc8a3428687336ce2bed8ad53072f1a66
chess-opening-churn,hash,2048,measurement,2,0,bmi2-popcnt,117,038bc02bec40227ab492172e42cfd627c0808554e7bfb714246220c49cdfe386,bbb4a4a10fcee4a93a2cdfc789492d89b89233e91cc80b6ca826ec99726c7e5f
chess-opening-churn,scan,2048,measurement,2,1,bmi2-popcnt,592,038bc02bec40227ab492172e42cfd627c0808554e7bfb714246220c49cdfe386,0c9e2e3a891ebab835561b4ae11a686738b7ff885222ca6805005d7912d546e9
chess-opening-churn,scan,2048,measurement,3,0,bmi2-popcnt,592,038bc02bec40227ab492172e42cfd627c0808554e7bfb714246220c49cdfe386,0c9e2e3a891ebab835561b4ae11a686738b7ff885222ca6805005d7912d546e9
chess-opening-churn,hash,2048,measurement,3,1,bmi2-popcnt,113,038bc02bec40227ab492172e42cfd627c0808554e7bfb714246220c49cdfe386,0fac851ac89dac603393bb8fa0e1511a0e30716d0dfcb098a8a2b60572968ed5
chess-opening-churn,hash,2048,measurement,4,0,bmi2-popcnt,119,038bc02bec40227ab492172e42cfd627c0808554e7bfb714246220c49cdfe386,f9789ea59d05c7c92cfb289a19ca107f5788645f537e284b9a72aa28041f8ba8
chess-opening-churn,scan,2048,measurement,4,1,bmi2-popcnt,592,038bc02bec40227ab492172e42cfd627c0808554e7bfb714246220c49cdfe386,0c9e2e3a891ebab835561b4ae11a686738b7ff885222ca6805005d7912d546e9
chess-opening-churn,scan,2048,measurement,5,0,bmi2-popcnt,592,038bc02bec40227ab492172e42cfd627c0808554e7bfb714246220c49cdfe386,0c9e2e3a891ebab835561b4ae11a686738b7ff885222ca6805005d7912d546e9
chess-opening-churn,hash,2048,measurement,5,1,bmi2-popcnt,114,038bc02bec40227ab492172e42cfd627c0808554e7bfb714246220c49cdfe386,dda48a57f21106b0e6869dfdc21970669112f36e94440533cbdcfbb9ea8114d4
chess-castling-hits,hash,32,calibration,0,0,bmi2-popcnt,2,8140dcc8a220da9e92beb15a7630a2796c340f209a2afe11fd0d303645f71e65,34f106f740b90576307ca042cf85d6dbc583fcf91ec81acd571693c85e5be4f8
chess-castling-hits,scan,32,calibration,0,1,bmi2-popcnt,8,8140dcc8a220da9e92beb15a7630a2796c340f209a2afe11fd0d303645f71e65,e39a946dd742cf449e4fbe2770843ccdf43fa8255c84d951356d397d545a5496
chess-castling-hits,hash,64,calibration,1,0,bmi2-popcnt,2,8ede0350dac3daa03d3f8fb54877b4d1f8ae6b998c78fdd04b5c534e49938c7e,540ff40345e107d861340367fdc7ad12267628dbcf88be1d92a63d9ae37d4b13
chess-castling-hits,scan,64,calibration,1,1,bmi2-popcnt,17,8ede0350dac3daa03d3f8fb54877b4d1f8ae6b998c78fdd04b5c534e49938c7e,5169c3a85a66e7d3301e623dba0959da45f206101eafa9a399fce20ec803abdc
chess-castling-hits,hash,128,calibration,2,0,bmi2-popcnt,6,34844f14cd324505ffd4510337cc987323af0fdbaba015d0a5220c46a5e6d7d6,63fda68e524d4ba33595e2f5ff108a3feb26983d6a7221a4ed1681a2afeb42dd
chess-castling-hits,scan,128,calibration,2,1,bmi2-popcnt,33,34844f14cd324505ffd4510337cc987323af0fdbaba015d0a5220c46a5e6d7d6,400f3b7280a8a68bef0a468f84d6ce09f577ee6a19a98d5a20221f2d8e1ef578
chess-castling-hits,hash,256,calibration,3,0,bmi2-popcnt,10,309519f59b86a1cc0d1c156235f0909f6d40a07b1c0b8f287f05728dfd6d028f,52657d4ecdfe759efb97f1dec9dad09ed5af6cdd6eec4711dafbd07f68c2d0ae
chess-castling-hits,scan,256,calibration,3,1,bmi2-popcnt,65,309519f59b86a1cc0d1c156235f0909f6d40a07b1c0b8f287f05728dfd6d028f,549ea5535e802f2231ce93a7ed238b7a730500cd25e3daa0ea1c973afb3b7c59
chess-castling-hits,hash,512,calibration,4,0,bmi2-popcnt,19,15deb9be3ffc2c0ba65bbaa9fddef8a5e26233fbcdadf7e53b099adcf92c10e4,3affda20a457840263274429e9fbf8d225e316fd1130186da8613629e0e8c1ec
chess-castling-hits,scan,512,calibration,4,1,bmi2-popcnt,129,15deb9be3ffc2c0ba65bbaa9fddef8a5e26233fbcdadf7e53b099adcf92c10e4,e88d506ccc5e09651ae37bbb86a310165ef8787c30760670f8158ba6c9ba7b98
chess-castling-hits,hash,1024,calibration,5,0,bmi2-popcnt,44,fbb4b0a5052c2e882798a77aa81c8c1c0a6fd1837179f3a70697c6d7afef6b25,c4ceab074fae7bbb28613dbfd6c79478cc22ab93a2c2d69456bfe9fa669aead0
chess-castling-hits,scan,1024,calibration,5,1,bmi2-popcnt,251,fbb4b0a5052c2e882798a77aa81c8c1c0a6fd1837179f3a70697c6d7afef6b25,5087e05e53583f6d8c66e42c488c956c9d4a91724f5ad2a7eb8a65d4a8a6317a
chess-castling-hits,hash,2048,calibration,6,0,bmi2-popcnt,90,663e39665f17498572e4a68953c2fffbe5ddca43dd9469adaf053fb6c60c2b91,b9100b91288ccf6cf2ddd637e081a904fc17c84c7a99297688fd39888aacc11d
chess-castling-hits,scan,2048,calibration,6,1,bmi2-popcnt,499,663e39665f17498572e4a68953c2fffbe5ddca43dd9469adaf053fb6c60c2b91,8d0be724a1c78fb22b34d3a1389a8f0351bccfda83b11398c5a4e8576481468c
chess-castling-hits,hash,2048,measurement,0,0,bmi2-popcnt,77,663e39665f17498572e4a68953c2fffbe5ddca43dd9469adaf053fb6c60c2b91,a3092c34db195fe7b0723a3a77040dc4bade514af9c0175a4cd7a0402ef85a35
chess-castling-hits,scan,2048,measurement,0,1,bmi2-popcnt,497,663e39665f17498572e4a68953c2fffbe5ddca43dd9469adaf053fb6c60c2b91,4be2d3a622d8f4b881e71e22a38d3ed9ca2f5055be4b03b79f82c1ebfb8ee513
chess-castling-hits,scan,2048,measurement,1,0,bmi2-popcnt,503,663e39665f17498572e4a68953c2fffbe5ddca43dd9469adaf053fb6c60c2b91,314835c79fce83c5c72b8c63e93e396883e158fe850939ff366bd3559feb1171
chess-castling-hits,hash,2048,measurement,1,1,bmi2-popcnt,78,663e39665f17498572e4a68953c2fffbe5ddca43dd9469adaf053fb6c60c2b91,8318e48d02e5035b393b5c9e1690d24133528c3f3db44ec04311145593dc416a
chess-castling-hits,hash,2048,measurement,2,0,bmi2-popcnt,79,663e39665f17498572e4a68953c2fffbe5ddca43dd9469adaf053fb6c60c2b91,83c864d9861afdcdafb2df79e70355aa31fd961ac9e0f239b6417beca3be761b
chess-castling-hits,scan,2048,measurement,2,1,bmi2-popcnt,515,663e39665f17498572e4a68953c2fffbe5ddca43dd9469adaf053fb6c60c2b91,d273552d9398e78977e562bceccc4ff8849f8de70e1fb4ebe21350bf0c93a542
chess-castling-hits,scan,2048,measurement,3,0,bmi2-popcnt,498,663e39665f17498572e4a68953c2fffbe5ddca43dd9469adaf053fb6c60c2b91,a5a846629e3ab4cc57fb45d628a4f983ccac4ed687b0cb255237a65cd91f761c
chess-castling-hits,hash,2048,measurement,3,1,bmi2-popcnt,78,663e39665f17498572e4a68953c2fffbe5ddca43dd9469adaf053fb6c60c2b91,8318e48d02e5035b393b5c9e1690d24133528c3f3db44ec04311145593dc416a
chess-castling-hits,hash,2048,measurement,4,0,bmi2-popcnt,76,663e39665f17498572e4a68953c2fffbe5ddca43dd9469adaf053fb6c60c2b91,1f0edbbc513036a900b5dd6aec9d952546cda52246bb6f50526d23c63e528a73
chess-castling-hits,scan,2048,measurement,4,1,bmi2-popcnt,497,663e39665f17498572e4a68953c2fffbe5ddca43dd9469adaf053fb6c60c2b91,4be2d3a622d8f4b881e71e22a38d3ed9ca2f5055be4b03b79f82c1ebfb8ee513
chess-castling-hits,scan,2048,measurement,5,0,bmi2-popcnt,498,663e39665f17498572e4a68953c2fffbe5ddca43dd9469adaf053fb6c60c2b91,a5a846629e3ab4cc57fb45d628a4f983ccac4ed687b0cb255237a65cd91f761c
chess-castling-hits,hash,2048,measurement,5,1,bmi2-popcnt,83,663e39665f17498572e4a68953c2fffbe5ddca43dd9469adaf053fb6c60c2b91,528e08dd5f8bf7d7eef2172581e1579afbe1f52648feff1559585ac5a0cba2e5
chess-castling-misses,hash,32,calibration,0,0,bmi2-popcnt,2,0befd678f3c58f6a6e21b7452ec1dde6da54ba2f4a9c478b3495443b9d0ae54c,78ee2cc09c3cd249e62671a0e83dc739c547852db8334ad80108078c40d6040f
chess-castling-misses,scan,32,calibration,0,1,bmi2-popcnt,15,0befd678f3c58f6a6e21b7452ec1dde6da54ba2f4a9c478b3495443b9d0ae54c,1727d358734573fb9c4187b749d8165b6c935b0b21b65d32ce923dbe03aa3171
chess-castling-misses,hash,64,calibration,1,0,bmi2-popcnt,4,b3d0b737a8717f85ede35a4a9347e6d9b817dd1a19f58d4422440d54b42f5223,a5a4127e44c2cdcef35e195d78e63e45d03489524fa6e7f96f8dee79786a6ffb
chess-castling-misses,scan,64,calibration,1,1,bmi2-popcnt,30,b3d0b737a8717f85ede35a4a9347e6d9b817dd1a19f58d4422440d54b42f5223,0ed0bb78206a958e7ace5663a2493337cb2c7a6d4974ebaee37bc9fcd991f67c
chess-castling-misses,hash,128,calibration,2,0,bmi2-popcnt,7,a17a8d0e49d84c61bf30ca47a57be74af511f2c6ea1352fdae416300d800e6ea,66845ebee2d75910b9a65d7e46e7d6510a90b11e31d6b5635df6571e55cd3724
chess-castling-misses,scan,128,calibration,2,1,bmi2-popcnt,57,a17a8d0e49d84c61bf30ca47a57be74af511f2c6ea1352fdae416300d800e6ea,76ed5b4b5e63b7e5554322c8e1aa848bff1e2d0cd09412211c3559d33061a41c
chess-castling-misses,hash,256,calibration,3,0,bmi2-popcnt,16,b36387239414189a5bde4cf09ae422612c67d8ce704e9fc2a800f6001314fa03,ca65e26d6da06be1a43bcc84725474c69d039411d469d4ab5f05623c38fd6c4e
chess-castling-misses,scan,256,calibration,3,1,bmi2-popcnt,113,b36387239414189a5bde4cf09ae422612c67d8ce704e9fc2a800f6001314fa03,f9ae21d3d621fc089d93b9401a885df23c51deff247bd7c27a701b4fe6d38d27
chess-castling-misses,hash,512,calibration,4,0,bmi2-popcnt,38,bc6b5c99350c32d524bfd8ed9bc15f3d910238d7f5dd31adca5d5097cd45c190,95f6ae900f2243fb1542be53fd92bedc05000ae3113ba3d271e890c1334ada9d
chess-castling-misses,scan,512,calibration,4,1,bmi2-popcnt,225,bc6b5c99350c32d524bfd8ed9bc15f3d910238d7f5dd31adca5d5097cd45c190,46ff5888296e6478d19cf64ad17874ef4a7b5a6c3e624d7678f849c7f130b423
chess-castling-misses,hash,1024,calibration,5,0,bmi2-popcnt,56,a299ca7d9499df8134c6ffc568e9c9966cdefe608bb56045bccd78447c9a129b,478935591da61a7165f0c666c5d3f9a360a61dc2dd16646d6a24e87995da7e57
chess-castling-misses,scan,1024,calibration,5,1,bmi2-popcnt,448,a299ca7d9499df8134c6ffc568e9c9966cdefe608bb56045bccd78447c9a129b,221d4099f23ea5f5a04c39f6c22b920d01cbeb46a59d878b37dc3c48b218f99e
chess-castling-misses,hash,2048,calibration,6,0,bmi2-popcnt,104,04b12081a1c70643a34efe40846e6d0c76bfdf2007ee5e7f0c5b6cef47a14bc5,a331988e4c4e506ead9b2646e3cc589d67fdf9de85200babe20c46131fd93517
chess-castling-misses,scan,2048,calibration,6,1,bmi2-popcnt,891,04b12081a1c70643a34efe40846e6d0c76bfdf2007ee5e7f0c5b6cef47a14bc5,73ddde0947e4bc9f7a845e870c9000fe746cc3dbf5d38e8359dec4501b7a1121
chess-castling-misses,hash,2048,measurement,0,0,bmi2-popcnt,111,04b12081a1c70643a34efe40846e6d0c76bfdf2007ee5e7f0c5b6cef47a14bc5,526f39e478f1a42912e0cf47de8ccc787dd9dce8fcb1d3bf66adee93db88dc08
chess-castling-misses,scan,2048,measurement,0,1,bmi2-popcnt,894,04b12081a1c70643a34efe40846e6d0c76bfdf2007ee5e7f0c5b6cef47a14bc5,8211378da72e09345a9f8bdbed103f2918e5ba94d8f3951451999f0da5576061
chess-castling-misses,scan,2048,measurement,1,0,bmi2-popcnt,890,04b12081a1c70643a34efe40846e6d0c76bfdf2007ee5e7f0c5b6cef47a14bc5,dd02d585a15e822428c40d4dece4339ed4a3f73dd2266a99bc5454b52286efb1
chess-castling-misses,hash,2048,measurement,1,1,bmi2-popcnt,101,04b12081a1c70643a34efe40846e6d0c76bfdf2007ee5e7f0c5b6cef47a14bc5,ee5712bb0dde6511919d80b8f4ad9672f6879c7e4df68d713ae5eae81a7f368d
chess-castling-misses,hash,2048,measurement,2,0,bmi2-popcnt,103,04b12081a1c70643a34efe40846e6d0c76bfdf2007ee5e7f0c5b6cef47a14bc5,2a9ed91f1cd3c76ee8fc690fcd2f6082d18243197223fca088c2ac79be25944e
chess-castling-misses,scan,2048,measurement,2,1,bmi2-popcnt,895,04b12081a1c70643a34efe40846e6d0c76bfdf2007ee5e7f0c5b6cef47a14bc5,3a0b8c04f790a311dfd7ac1023e664a92de7020b54cf11c5ea0d2a9afcf537c1
chess-castling-misses,scan,2048,measurement,3,0,bmi2-popcnt,893,04b12081a1c70643a34efe40846e6d0c76bfdf2007ee5e7f0c5b6cef47a14bc5,9041901a4622193cd060ba5d7cbc73da25c7dfa6af9a03d2ae6b68f2649cd05b
chess-castling-misses,hash,2048,measurement,3,1,bmi2-popcnt,104,04b12081a1c70643a34efe40846e6d0c76bfdf2007ee5e7f0c5b6cef47a14bc5,a331988e4c4e506ead9b2646e3cc589d67fdf9de85200babe20c46131fd93517
chess-castling-misses,hash,2048,measurement,4,0,bmi2-popcnt,104,04b12081a1c70643a34efe40846e6d0c76bfdf2007ee5e7f0c5b6cef47a14bc5,a331988e4c4e506ead9b2646e3cc589d67fdf9de85200babe20c46131fd93517
chess-castling-misses,scan,2048,measurement,4,1,bmi2-popcnt,895,04b12081a1c70643a34efe40846e6d0c76bfdf2007ee5e7f0c5b6cef47a14bc5,3a0b8c04f790a311dfd7ac1023e664a92de7020b54cf11c5ea0d2a9afcf537c1
chess-castling-misses,scan,2048,measurement,5,0,bmi2-popcnt,929,04b12081a1c70643a34efe40846e6d0c76bfdf2007ee5e7f0c5b6cef47a14bc5,189a6a7868172c7497369c1cba9b7902c92617412ac86ca43c6fca650224dae7
chess-castling-misses,hash,2048,measurement,5,1,bmi2-popcnt,101,04b12081a1c70643a34efe40846e6d0c76bfdf2007ee5e7f0c5b6cef47a14bc5,ee5712bb0dde6511919d80b8f4ad9672f6879c7e4df68d713ae5eae81a7f368d
chess-castling-churn,hash,32,calibration,0,0,bmi2-popcnt,2,ec8f7044d066b3d950f756e2a79cc44363d259362f18b085e4542f8697b446bc,51ab55d4dd48d7a120c34580e6b0f63a45a375f52f2ac39917f2f991d950e638
chess-castling-churn,scan,32,calibration,0,1,bmi2-popcnt,9,ec8f7044d066b3d950f756e2a79cc44363d259362f18b085e4542f8697b446bc,4bd72d3fc955a533e5f97bdf12257eb87e4bbb505d9070bce7493721716578ba
chess-castling-churn,hash,64,calibration,1,0,bmi2-popcnt,4,bba1a9610cfd16f5019f90521a68b0d142478a4cac0c1b4768a5489340bb5c40,b4e6029678f1a0e556a9c0a5a292f25d37504766a8ea0f4e6bdff85acc01d0e3
chess-castling-churn,scan,64,calibration,1,1,bmi2-popcnt,19,bba1a9610cfd16f5019f90521a68b0d142478a4cac0c1b4768a5489340bb5c40,57752e4cac0df553481e30bd0a12530ef76616d9b89144e199b03e3aa2539481
chess-castling-churn,hash,128,calibration,2,0,bmi2-popcnt,7,7ebdfba2bd856e0f4529a9b08e96533fce3917dc054059f4c57120637a66c626,483cb041bc5cddd88fc69d12e7c0c22d90bc7fdcc5144097a02abd87becdac29
chess-castling-churn,scan,128,calibration,2,1,bmi2-popcnt,42,7ebdfba2bd856e0f4529a9b08e96533fce3917dc054059f4c57120637a66c626,00877c2e586070d47890ea22ab4bff01fb0deb1bb6b1d05e3a99f35f39895743
chess-castling-churn,hash,256,calibration,3,0,bmi2-popcnt,13,6629860beee3b7a07a8d22925f51b436eabcdd2883711dd9e926a6a18e7f94c0,9490eaee0a21e9ae9437e2ae22c24222306b1a5bffc48e13aae4d3d300f548ab
chess-castling-churn,scan,256,calibration,3,1,bmi2-popcnt,75,6629860beee3b7a07a8d22925f51b436eabcdd2883711dd9e926a6a18e7f94c0,fe820a8bba9a6fe126b47bdd84ff5c9e93b3daab47c8e3506669e6a19652c87c
chess-castling-churn,hash,512,calibration,4,0,bmi2-popcnt,25,b2e6fb9ade5efdbe878971ae5081ba296d200b703a488e4c4729e0022447873f,642726bcc8c4d43f005dd230453fff85435f784c3d4cb0f2d7ffc8a77b917fe3
chess-castling-churn,scan,512,calibration,4,1,bmi2-popcnt,151,b2e6fb9ade5efdbe878971ae5081ba296d200b703a488e4c4729e0022447873f,db3418bf8bff72020d4b3b96c9d380cd8aee66d979cbacacad92b292f1a7fbab
chess-castling-churn,hash,1024,calibration,5,0,bmi2-popcnt,57,d3488952a8b9ea827f355196d40bb968217da2b16d80eba40e3209bf6ab3d88b,841fb1e84b31568821d5819c8f1633a8d072f880b13a26f6176bd3c8d15b122a
chess-castling-churn,scan,1024,calibration,5,1,bmi2-popcnt,301,d3488952a8b9ea827f355196d40bb968217da2b16d80eba40e3209bf6ab3d88b,c78748680443fde586eef24cd18ada27f2daee1a1d6a6045409f07bcbd219018
chess-castling-churn,hash,2048,calibration,6,0,bmi2-popcnt,96,3efb8552823ea94336b0d1347c97fed6a9ac370af2a04b965a4851afc4326b32,d54f2361fb5bfcabfc7d26cb93e781ca7859a1eee64ab9b1a13ae464024bc486
chess-castling-churn,scan,2048,calibration,6,1,bmi2-popcnt,650,3efb8552823ea94336b0d1347c97fed6a9ac370af2a04b965a4851afc4326b32,dae7f78b4bd888d840caa897a242edbdee280801e8da5684ec14615a22f2b5d4
chess-castling-churn,hash,2048,measurement,0,0,bmi2-popcnt,90,3efb8552823ea94336b0d1347c97fed6a9ac370af2a04b965a4851afc4326b32,b57d6ae9766e682a3230bfb1bc77da329920329b8f5cb876d2660e7ffed1f6e8
chess-castling-churn,scan,2048,measurement,0,1,bmi2-popcnt,595,3efb8552823ea94336b0d1347c97fed6a9ac370af2a04b965a4851afc4326b32,f0091dae15d16dd367816afd818e053fc43e480975b536165e727d9f44375697
chess-castling-churn,scan,2048,measurement,1,0,bmi2-popcnt,598,3efb8552823ea94336b0d1347c97fed6a9ac370af2a04b965a4851afc4326b32,2e5676919610bae0d1116c99160695ed0819e5a6cb9b23c66a391ad6c49e32bd
chess-castling-churn,hash,2048,measurement,1,1,bmi2-popcnt,106,3efb8552823ea94336b0d1347c97fed6a9ac370af2a04b965a4851afc4326b32,94244f2d7996eaf5e04d9d96ac58eccebc43e87512919690836a0ebd16c4aaca
chess-castling-churn,hash,2048,measurement,2,0,bmi2-popcnt,105,3efb8552823ea94336b0d1347c97fed6a9ac370af2a04b965a4851afc4326b32,2b9972a97e5089241bf5d80fe48a65b25b3920c6b4569885701d6bb6ff7694c7
chess-castling-churn,scan,2048,measurement,2,1,bmi2-popcnt,595,3efb8552823ea94336b0d1347c97fed6a9ac370af2a04b965a4851afc4326b32,f0091dae15d16dd367816afd818e053fc43e480975b536165e727d9f44375697
chess-castling-churn,scan,2048,measurement,3,0,bmi2-popcnt,592,3efb8552823ea94336b0d1347c97fed6a9ac370af2a04b965a4851afc4326b32,a625d54e40b576b34afcefffc9bdcc4c46ed09077e06de2fa51cb40e30935aef
chess-castling-churn,hash,2048,measurement,3,1,bmi2-popcnt,96,3efb8552823ea94336b0d1347c97fed6a9ac370af2a04b965a4851afc4326b32,d54f2361fb5bfcabfc7d26cb93e781ca7859a1eee64ab9b1a13ae464024bc486
chess-castling-churn,hash,2048,measurement,4,0,bmi2-popcnt,96,3efb8552823ea94336b0d1347c97fed6a9ac370af2a04b965a4851afc4326b32,d54f2361fb5bfcabfc7d26cb93e781ca7859a1eee64ab9b1a13ae464024bc486
chess-castling-churn,scan,2048,measurement,4,1,bmi2-popcnt,599,3efb8552823ea94336b0d1347c97fed6a9ac370af2a04b965a4851afc4326b32,d42f6ac06215e898c9d93543e31f65836e434ea1058664fb2d62342b7fe587d5
chess-castling-churn,scan,2048,measurement,5,0,bmi2-popcnt,590,3efb8552823ea94336b0d1347c97fed6a9ac370af2a04b965a4851afc4326b32,9dede859d26b7f0147269de57702724f45f78fc15bd870d65271f8775b9e15cd
chess-castling-churn,hash,2048,measurement,5,1,bmi2-popcnt,101,3efb8552823ea94336b0d1347c97fed6a9ac370af2a04b965a4851afc4326b32,9ceef988cb443e556095870f6b9faf8cf9eb66279beccc8b6d1ed24627b50238
chess-ep-hits,hash,32,calibration,0,0,bmi2-popcnt,2,0ef9a9566d974eb3f0545ed5e502f8f56fff7b7386c748622f4c588712981be7,f155a4203a02f14e5f9a5918f2f25aa5d456c02c48529e15764a272b86ea6b7d
chess-ep-hits,scan,32,calibration,0,1,bmi2-popcnt,8,0ef9a9566d974eb3f0545ed5e502f8f56fff7b7386c748622f4c588712981be7,98ca9318e0a26ea259b570d913a7481f255baa733c05fe3dd8abc785ebad3223
chess-ep-hits,hash,64,calibration,1,0,bmi2-popcnt,3,935b2f91f25d1d4f0b96ad3324f7393b73d4658ef52549ca3d070cde0a3939ce,723bcc6d22e99bd768f2661bd19ad3ba757cdcec0c303588d0ebed8bd050fa90
chess-ep-hits,scan,64,calibration,1,1,bmi2-popcnt,18,935b2f91f25d1d4f0b96ad3324f7393b73d4658ef52549ca3d070cde0a3939ce,bf15ea6d674d58386947576d2b8bfb233e6c1db02390e59bb07bc564e480b773
chess-ep-hits,hash,128,calibration,2,0,bmi2-popcnt,5,5f955c74110b08deed09be9573fa55a9885bde7ea53bf41f71446a56cf9b26f9,46b2fccd207ebf9faba94804b3d5ec961854bddce3b3ad43df4c1fb2e2680998
chess-ep-hits,scan,128,calibration,2,1,bmi2-popcnt,33,5f955c74110b08deed09be9573fa55a9885bde7ea53bf41f71446a56cf9b26f9,b88f714177fb23279460254f6d14ceac98f2e035906bf01251485aec55c2710d
chess-ep-hits,hash,256,calibration,3,0,bmi2-popcnt,11,7387755d7c08bbfd11602154269722cf8b0af05153237a94ab991969695b3b47,b322d74cd952155805c630a8b51f2d0ce69b16d679f72891b3b419fdba841c56
chess-ep-hits,scan,256,calibration,3,1,bmi2-popcnt,67,7387755d7c08bbfd11602154269722cf8b0af05153237a94ab991969695b3b47,8f3d4b6f928618f39164aadbb6d162045919cdd56b2ea0edd43195bba7ca77f3
chess-ep-hits,hash,512,calibration,4,0,bmi2-popcnt,20,7910ee1ab9f769c1ac0aebd11419cf21476e1a142c6779b96838c5483a475e97,e7228ae662e57d7ecd84ad498d1d3c3b1b993642065b94ee801d326e6acb0283
chess-ep-hits,scan,512,calibration,4,1,bmi2-popcnt,127,7910ee1ab9f769c1ac0aebd11419cf21476e1a142c6779b96838c5483a475e97,8a00b45546c7e0a92e8d1bd9832ab94aafabec26b8b9c1b0a3cc5bd782ffafe6
chess-ep-hits,hash,1024,calibration,5,0,bmi2-popcnt,39,b2b6572353f56cf7ac4efe097e00ed93002a4119ab795a0ca96024c7adbffe78,850c05d2acc71030d0316fa72296a5eef8f40c4f35043302926baf2b6fd5d1e1
chess-ep-hits,scan,1024,calibration,5,1,bmi2-popcnt,250,b2b6572353f56cf7ac4efe097e00ed93002a4119ab795a0ca96024c7adbffe78,7064ee07f40d2321282a0ac2651038a91ae02e0b4cca6bfea164aed2695268be
chess-ep-hits,hash,2048,calibration,6,0,bmi2-popcnt,87,43fd189cc8cc5c717b80c6109d9ce564dd0b26b1271b6f1cd90ba97c6dd09008,53ff7e071b5b35afb1b6d8e875bc718ff82e0f5668908e7bad1cd0e12bf9a2e4
chess-ep-hits,scan,2048,calibration,6,1,bmi2-popcnt,502,43fd189cc8cc5c717b80c6109d9ce564dd0b26b1271b6f1cd90ba97c6dd09008,fab1853102655f988ec8030a3f517503b276d80cf7246f217a91af12e75750f8
chess-ep-hits,hash,2048,measurement,0,0,bmi2-popcnt,83,43fd189cc8cc5c717b80c6109d9ce564dd0b26b1271b6f1cd90ba97c6dd09008,4705fe908e017d7cf045a8128d1b2b9f0ec7570b16cb5221124da403117c2c77
chess-ep-hits,scan,2048,measurement,0,1,bmi2-popcnt,537,43fd189cc8cc5c717b80c6109d9ce564dd0b26b1271b6f1cd90ba97c6dd09008,d6019a1fa99f540c33672c49281bb823dfd2a57c6cf5ad956ec3d2fb4e4e1d54
chess-ep-hits,scan,2048,measurement,1,0,bmi2-popcnt,498,43fd189cc8cc5c717b80c6109d9ce564dd0b26b1271b6f1cd90ba97c6dd09008,10afb3fd486f49caac382023b27a207e45d01236a52f22d8efd8fb319fa280e8
chess-ep-hits,hash,2048,measurement,1,1,bmi2-popcnt,81,43fd189cc8cc5c717b80c6109d9ce564dd0b26b1271b6f1cd90ba97c6dd09008,fe8d091333ede7dc95dc9917265477f5f91923639170278afb2c8ad746d13a5e
chess-ep-hits,hash,2048,measurement,2,0,bmi2-popcnt,93,43fd189cc8cc5c717b80c6109d9ce564dd0b26b1271b6f1cd90ba97c6dd09008,49889c0ba61312cd6d4f8c2f8d464f6ba12fdaf1266be9fff845a0ab462d08e5
chess-ep-hits,scan,2048,measurement,2,1,bmi2-popcnt,497,43fd189cc8cc5c717b80c6109d9ce564dd0b26b1271b6f1cd90ba97c6dd09008,34b3692b65611cb35324b2fc33e2d599cee5f62bbbc3efc076b0a7887e83a127
chess-ep-hits,scan,2048,measurement,3,0,bmi2-popcnt,498,43fd189cc8cc5c717b80c6109d9ce564dd0b26b1271b6f1cd90ba97c6dd09008,10afb3fd486f49caac382023b27a207e45d01236a52f22d8efd8fb319fa280e8
chess-ep-hits,hash,2048,measurement,3,1,bmi2-popcnt,86,43fd189cc8cc5c717b80c6109d9ce564dd0b26b1271b6f1cd90ba97c6dd09008,c50ba17da5bcc36b8f6421fea259912f6bf06ae30afa2f174eb7f55638cf1d44
chess-ep-hits,hash,2048,measurement,4,0,bmi2-popcnt,81,43fd189cc8cc5c717b80c6109d9ce564dd0b26b1271b6f1cd90ba97c6dd09008,fe8d091333ede7dc95dc9917265477f5f91923639170278afb2c8ad746d13a5e
chess-ep-hits,scan,2048,measurement,4,1,bmi2-popcnt,504,43fd189cc8cc5c717b80c6109d9ce564dd0b26b1271b6f1cd90ba97c6dd09008,9570eacbf501f2cf3ca10b52ece0288b3e424612b851124b8119c5816346a25b
chess-ep-hits,scan,2048,measurement,5,0,bmi2-popcnt,536,43fd189cc8cc5c717b80c6109d9ce564dd0b26b1271b6f1cd90ba97c6dd09008,84058bdded97d95c03ea3dc2e15077041dae2abb69b7eca816f50ad2243fae1c
chess-ep-hits,hash,2048,measurement,5,1,bmi2-popcnt,86,43fd189cc8cc5c717b80c6109d9ce564dd0b26b1271b6f1cd90ba97c6dd09008,c50ba17da5bcc36b8f6421fea259912f6bf06ae30afa2f174eb7f55638cf1d44
chess-ep-misses,hash,32,calibration,0,0,bmi2-popcnt,2,7d62dadfc44bc170288f5c757a8a5bc9f052e7d5e3bace4f27efc25acc82bb72,170175b16eeab0695933a4260b5888d7b234e98cac5b36ad7ff9dcead19ed504
chess-ep-misses,scan,32,calibration,0,1,bmi2-popcnt,15,7d62dadfc44bc170288f5c757a8a5bc9f052e7d5e3bace4f27efc25acc82bb72,83997160e56115228236a06390a4e66dfbb514455031fa149bbab41751b53008
chess-ep-misses,hash,64,calibration,1,0,bmi2-popcnt,5,bade2c4f1a6acc9c34fb1eb3fdf7bc806570f4551d69360d7be94e677ebe744f,cfe21b4b2c67d44c4fad7df8bd5c4a172f526c3c5a2b8bdc20cf048da5f22ca9
chess-ep-misses,scan,64,calibration,1,1,bmi2-popcnt,29,bade2c4f1a6acc9c34fb1eb3fdf7bc806570f4551d69360d7be94e677ebe744f,76f6a5b74683090a89cc6c68bee2b7e5121857b0939b19e4376c36de3003d869
chess-ep-misses,hash,128,calibration,2,0,bmi2-popcnt,7,cf52186cb79295167695e5fd057954d397c75f5cfb4cb7a40cf924bab3989d55,52f8ff38b7f2050fbc7cc62b0ed9c02f5378bd393e838251b58de4fd021c3801
chess-ep-misses,scan,128,calibration,2,1,bmi2-popcnt,60,cf52186cb79295167695e5fd057954d397c75f5cfb4cb7a40cf924bab3989d55,d5a27528af8b35c4d0b5b2d84768f0931ead6022f221256b747e2e0a7fa4056c
chess-ep-misses,hash,256,calibration,3,0,bmi2-popcnt,12,ae4fe1b74aac3fbc51e133ef183f07f28a70fd003394ef050182d379b6325b5f,7cec8a99ff5e83462e3cdc8d2ba06d77276f0f9282674c6a1f9f8d625b1dec07
chess-ep-misses,scan,256,calibration,3,1,bmi2-popcnt,116,ae4fe1b74aac3fbc51e133ef183f07f28a70fd003394ef050182d379b6325b5f,d1aa8e396b821c2665509fb6e196fcd5063eb04efd872cd70ccdac20d4cadf7c
chess-ep-misses,hash,512,calibration,4,0,bmi2-popcnt,25,6424f34c87cb5de712874fdd9eee038d148053e5c29873d6a7549e4c8c86062b,d755a51a1fde2551e3d39052760eb6ab7057bec81fbe67ef27078ba23d62c601
chess-ep-misses,scan,512,calibration,4,1,bmi2-popcnt,223,6424f34c87cb5de712874fdd9eee038d148053e5c29873d6a7549e4c8c86062b,577cfd10e1ae41f482dc463625cd0b000c908b627513b4b0160e5668d14de4ff
chess-ep-misses,hash,1024,calibration,5,0,bmi2-popcnt,48,9c0212d956ef9a2cd1c4358921a6c8b5d15d80282326d0e9d047ffe888308bc4,0cb86dbe2f8b5aab4ed90536877946bd3f377602994a265dd4e97ea29e2783e3
chess-ep-misses,scan,1024,calibration,5,1,bmi2-popcnt,450,9c0212d956ef9a2cd1c4358921a6c8b5d15d80282326d0e9d047ffe888308bc4,df76b71e1258214204f186771ad4fa7c8b6192df69bdff868901ea6f943668b4
chess-ep-misses,hash,2048,calibration,6,0,bmi2-popcnt,118,9c2981033bc960e7eb2d74890be285c00d65e4b9156e39741ca0dde44a1c2ba8,99d2e7c45ca1a757671834995bee7336937327628aee1754dda506be3526dde9
chess-ep-misses,scan,2048,calibration,6,1,bmi2-popcnt,927,9c2981033bc960e7eb2d74890be285c00d65e4b9156e39741ca0dde44a1c2ba8,8d474b405dce650e52b12e7184d8092c136af9dbf5657fb078bbd60b139c13eb
chess-ep-misses,hash,2048,measurement,0,0,bmi2-popcnt,99,9c2981033bc960e7eb2d74890be285c00d65e4b9156e39741ca0dde44a1c2ba8,845bbc787ee401cbab4e276036e23d7227fa4b2a595c3ab6f1f058f9f0d43ae4
chess-ep-misses,scan,2048,measurement,0,1,bmi2-popcnt,890,9c2981033bc960e7eb2d74890be285c00d65e4b9156e39741ca0dde44a1c2ba8,84f5f218af10c02197ee31f083c5d3344310b799fdfe42029915f0c7737012fb
chess-ep-misses,scan,2048,measurement,1,0,bmi2-popcnt,890,9c2981033bc960e7eb2d74890be285c00d65e4b9156e39741ca0dde44a1c2ba8,84f5f218af10c02197ee31f083c5d3344310b799fdfe42029915f0c7737012fb
chess-ep-misses,hash,2048,measurement,1,1,bmi2-popcnt,102,9c2981033bc960e7eb2d74890be285c00d65e4b9156e39741ca0dde44a1c2ba8,8afec0d6a139a826e062e31397418ecc5ab1c1e54e64cff42d51dcfaa0fd078b
chess-ep-misses,hash,2048,measurement,2,0,bmi2-popcnt,98,9c2981033bc960e7eb2d74890be285c00d65e4b9156e39741ca0dde44a1c2ba8,577912bb9ceac44539867a6e7e517c7f0ef626e54a9e588102c6dfddcabada46
chess-ep-misses,scan,2048,measurement,2,1,bmi2-popcnt,890,9c2981033bc960e7eb2d74890be285c00d65e4b9156e39741ca0dde44a1c2ba8,84f5f218af10c02197ee31f083c5d3344310b799fdfe42029915f0c7737012fb
chess-ep-misses,scan,2048,measurement,3,0,bmi2-popcnt,894,9c2981033bc960e7eb2d74890be285c00d65e4b9156e39741ca0dde44a1c2ba8,0f935611bb959e00a17cf3fe81a1bf74f2d4067af182728a59c52cc11381ad7d
chess-ep-misses,hash,2048,measurement,3,1,bmi2-popcnt,105,9c2981033bc960e7eb2d74890be285c00d65e4b9156e39741ca0dde44a1c2ba8,e39c2ac182a7dd602c1b2781f1cf74a9850541a4d461110c598e3e83dde08355
chess-ep-misses,hash,2048,measurement,4,0,bmi2-popcnt,100,9c2981033bc960e7eb2d74890be285c00d65e4b9156e39741ca0dde44a1c2ba8,14cf169f358e03fab58a59308cd4723e7fbe02b00c93d8bd34861f8c25d9d8e7
chess-ep-misses,scan,2048,measurement,4,1,bmi2-popcnt,893,9c2981033bc960e7eb2d74890be285c00d65e4b9156e39741ca0dde44a1c2ba8,28eb8f62341b75f035e317810b3c45578ecba5df7ee3b1f8c4c602ee4fe20e8c
chess-ep-misses,scan,2048,measurement,5,0,bmi2-popcnt,894,9c2981033bc960e7eb2d74890be285c00d65e4b9156e39741ca0dde44a1c2ba8,0f935611bb959e00a17cf3fe81a1bf74f2d4067af182728a59c52cc11381ad7d
chess-ep-misses,hash,2048,measurement,5,1,bmi2-popcnt,97,9c2981033bc960e7eb2d74890be285c00d65e4b9156e39741ca0dde44a1c2ba8,350564271e990bd3b30ee837f588b68d8d4b1fd1308f74532a546a3577693141
chess-ep-churn,hash,32,calibration,0,0,bmi2-popcnt,2,aedd8589208d190937f9d47102ee42209b93b75c42592475997d003ea668315f,2d1408bf29f3dc883b51b8846b7614c8301d571ecd7a92efddacdaf7454ce397
chess-ep-churn,scan,32,calibration,0,1,bmi2-popcnt,10,aedd8589208d190937f9d47102ee42209b93b75c42592475997d003ea668315f,1225a9fab1dd990a88749323817a629414fb6dff639c99c977e614d92b397f6d
chess-ep-churn,hash,64,calibration,1,0,bmi2-popcnt,4,fced29c99dce047bc600aad93fd05e77dc880fda5daffd0c7c9036b7f2abf0e5,cde41806b77dc36ebed26e0f8bf56aa15f2e0b17ad67759e3987ddc512dd6250
chess-ep-churn,scan,64,calibration,1,1,bmi2-popcnt,19,fced29c99dce047bc600aad93fd05e77dc880fda5daffd0c7c9036b7f2abf0e5,c1cdec96e99d4df136a05e25128b2069232ae7352b15a79a9a5b9b9da5700f82
chess-ep-churn,hash,128,calibration,2,0,bmi2-popcnt,6,23130b950d01115e7f08ebf3612de4cc61c5c18ccea93c103427672546259b83,7ea10937228736e8fd86a574d898fad409fcc140e64a408e65f470fcf538b662
chess-ep-churn,scan,128,calibration,2,1,bmi2-popcnt,39,23130b950d01115e7f08ebf3612de4cc61c5c18ccea93c103427672546259b83,ec0eb251bc0985a55de3a1df9dd059946822085a20e9dba6da0e1e65c07bee85
chess-ep-churn,hash,256,calibration,3,0,bmi2-popcnt,14,ce9070663c58b0eed54fe71fd3fc2a48d7456756f8e56e58cbf6960279b5c0f5,734629a87e97a6e6e08a30832e7424d8541a64c6a11eb3fb63c5a84fcc5eaa4a
chess-ep-churn,scan,256,calibration,3,1,bmi2-popcnt,78,ce9070663c58b0eed54fe71fd3fc2a48d7456756f8e56e58cbf6960279b5c0f5,3ed2fabc41aa5b96a53c40224beb5c9aed9cb14c183ba5a69575ade2816015c2
chess-ep-churn,hash,512,calibration,4,0,bmi2-popcnt,24,fa06199c4401041154eb18b36a1ae724e436e3132d07e13ff4d3208e01deb19c,74db57d272fe9dc5fb8dac10b1e318e32caf68058a1b8894436ac8e03a82100f
chess-ep-churn,scan,512,calibration,4,1,bmi2-popcnt,153,fa06199c4401041154eb18b36a1ae724e436e3132d07e13ff4d3208e01deb19c,70944f87f0a54cead91f6cbdcd4b503cf000d1d1cb5c2ac5fc11dd509ed2024a
chess-ep-churn,hash,1024,calibration,5,0,bmi2-popcnt,47,add2ec92fa23d2b1096566dfe7dfc0e8d0dce1f6225f8daf2464f77f10ddb346,f56a80d6e8762fa400d3ec4b28821691201cf13dc6caffef943e181df5c74cc3
chess-ep-churn,scan,1024,calibration,5,1,bmi2-popcnt,301,add2ec92fa23d2b1096566dfe7dfc0e8d0dce1f6225f8daf2464f77f10ddb346,a29faf483280ef8575d615c6b404c6cf012cdfcba039d44dd979fa1c41416ae6
chess-ep-churn,hash,2048,calibration,6,0,bmi2-popcnt,110,9058054b05fa89fac32910f5721359210f77bc8692e688ee1c4da90ce0015f4e,a517033be17134bddf450c2c599557a79a1a216b9ea206171f0a7d08201a6a09
chess-ep-churn,scan,2048,calibration,6,1,bmi2-popcnt,595,9058054b05fa89fac32910f5721359210f77bc8692e688ee1c4da90ce0015f4e,2afa81664bc20627925e8104db4f75185bf6f065b1b597a383de1e8e88cb6e2a
chess-ep-churn,hash,2048,measurement,0,0,bmi2-popcnt,99,9058054b05fa89fac32910f5721359210f77bc8692e688ee1c4da90ce0015f4e,a82995731905a544eca4d2b84f9dec11c509ad194644a6f11a7fb581d3f20577
chess-ep-churn,scan,2048,measurement,0,1,bmi2-popcnt,592,9058054b05fa89fac32910f5721359210f77bc8692e688ee1c4da90ce0015f4e,10b219744719e269c2546f19382e22c3fc18ee5207cfb5151664ce1fd0902c61
chess-ep-churn,scan,2048,measurement,1,0,bmi2-popcnt,592,9058054b05fa89fac32910f5721359210f77bc8692e688ee1c4da90ce0015f4e,10b219744719e269c2546f19382e22c3fc18ee5207cfb5151664ce1fd0902c61
chess-ep-churn,hash,2048,measurement,1,1,bmi2-popcnt,95,9058054b05fa89fac32910f5721359210f77bc8692e688ee1c4da90ce0015f4e,6d1fbdcacbde0ce8ec7d6d4dbea66596fbdacf5196d3b97716f400fceadacf5e
chess-ep-churn,hash,2048,measurement,2,0,bmi2-popcnt,99,9058054b05fa89fac32910f5721359210f77bc8692e688ee1c4da90ce0015f4e,a82995731905a544eca4d2b84f9dec11c509ad194644a6f11a7fb581d3f20577
chess-ep-churn,scan,2048,measurement,2,1,bmi2-popcnt,596,9058054b05fa89fac32910f5721359210f77bc8692e688ee1c4da90ce0015f4e,cd9291a048a64e6d46c52ac8e21b61292e7d0745c8a8c863c03c0ceac8be4d04
chess-ep-churn,scan,2048,measurement,3,0,bmi2-popcnt,595,9058054b05fa89fac32910f5721359210f77bc8692e688ee1c4da90ce0015f4e,2afa81664bc20627925e8104db4f75185bf6f065b1b597a383de1e8e88cb6e2a
chess-ep-churn,hash,2048,measurement,3,1,bmi2-popcnt,95,9058054b05fa89fac32910f5721359210f77bc8692e688ee1c4da90ce0015f4e,6d1fbdcacbde0ce8ec7d6d4dbea66596fbdacf5196d3b97716f400fceadacf5e
chess-ep-churn,hash,2048,measurement,4,0,bmi2-popcnt,101,9058054b05fa89fac32910f5721359210f77bc8692e688ee1c4da90ce0015f4e,03b0b0421fcb59cad55d4092ea0a3bb3566a02c5de819cc0e19552c5263a7618
chess-ep-churn,scan,2048,measurement,4,1,bmi2-popcnt,596,9058054b05fa89fac32910f5721359210f77bc8692e688ee1c4da90ce0015f4e,cd9291a048a64e6d46c52ac8e21b61292e7d0745c8a8c863c03c0ceac8be4d04
chess-ep-churn,scan,2048,measurement,5,0,bmi2-popcnt,591,9058054b05fa89fac32910f5721359210f77bc8692e688ee1c4da90ce0015f4e,cd26e6d8af02a84400ae5802426ee1d8ef18e4e6a1337768d848843deb820a28
chess-ep-churn,hash,2048,measurement,5,1,bmi2-popcnt,95,9058054b05fa89fac32910f5721359210f77bc8692e688ee1c4da90ce0015f4e,6d1fbdcacbde0ce8ec7d6d4dbea66596fbdacf5196d3b97716f400fceadacf5e
chess-promotion-hits,hash,32,calibration,0,0,bmi2-popcnt,1,10a177347023d0225e22312af42fd69268f4d7e52262714c8021305f1ee707bc,9bf19d79f1a832e17ddf2e1ccb953e73a53f4a27a699e70c42dd03d75f9e8e7b
chess-promotion-hits,scan,32,calibration,0,1,bmi2-popcnt,8,10a177347023d0225e22312af42fd69268f4d7e52262714c8021305f1ee707bc,e6ed601e4a5dcea61601f728d058abd74640f155e52c8e73fc1e54d5196d4977
chess-promotion-hits,hash,64,calibration,1,0,bmi2-popcnt,4,c31e97ba03d4f9aa228b5dad7d0582ad2accdb129b8868762324347eacffeeed,74cf455cbeccf72e71cae52ffed8286d527981ad99336b8f4885412a9d39386e
chess-promotion-hits,scan,64,calibration,1,1,bmi2-popcnt,20,c31e97ba03d4f9aa228b5dad7d0582ad2accdb129b8868762324347eacffeeed,c36ac760b62d7f7f2dd75d1b91ef5f5895b39748cc848111febd1ac04fbad1d0
chess-promotion-hits,hash,128,calibration,2,0,bmi2-popcnt,5,7b7da9e21d10a8da89ca5bec1caff192ccffdebb667212b8cbd17bffbcba5b77,fde309e1d91e9d5a06f6e21f46b0097cf414be390eccb4976c7107ffb88c7314
chess-promotion-hits,scan,128,calibration,2,1,bmi2-popcnt,34,7b7da9e21d10a8da89ca5bec1caff192ccffdebb667212b8cbd17bffbcba5b77,2becf3e6f79453a20ccf902eeb08f38238dff75489f195a078ae0353c0587e5b
chess-promotion-hits,hash,256,calibration,3,0,bmi2-popcnt,10,5cba4db5ff80643211fdab75e93623c8cb17cb8c6d1568e8e7c74d913d69541d,a9508a2cf0142e326fda1320d7e2b2f03e2642a3fd12192a646d98c6508e28bc
chess-promotion-hits,scan,256,calibration,3,1,bmi2-popcnt,65,5cba4db5ff80643211fdab75e93623c8cb17cb8c6d1568e8e7c74d913d69541d,2abc24c63fe4afa37cb442a145da4bd4db80297ee471b4f51f85605827f93b72
chess-promotion-hits,hash,512,calibration,4,0,bmi2-popcnt,19,d9e9533d5adfa27f354651d38e74d533ea6c7c4137b7cc35601abf0823139ca1,161ff028ae5d47e0edca17454aeb8b2040c53868f3f1637a1436620d16d9b97f
chess-promotion-hits,scan,512,calibration,4,1,bmi2-popcnt,127,d9e9533d5adfa27f354651d38e74d533ea6c7c4137b7cc35601abf0823139ca1,f34a663b046f99212c02f95bf95cf41d044f6730faf0a1e433fb87c20885808c
chess-promotion-hits,hash,1024,calibration,5,0,bmi2-popcnt,39,70a91e241631e4aed4c1617333fbbd44ea3dbe3bbd2c8cde764a91e50775f7da,f0e73664672e567ac613bda3f9fb705656cd51a5695214f6d0db89ff3e0dc1b0
chess-promotion-hits,scan,1024,calibration,5,1,bmi2-popcnt,255,70a91e241631e4aed4c1617333fbbd44ea3dbe3bbd2c8cde764a91e50775f7da,675dc19929f4b0eed8e6ce4a4c51655012fdcf4f015137564fc4015921a75474
chess-promotion-hits,hash,2048,calibration,6,0,bmi2-popcnt,91,918ee1191bbe4804abc47c20f42163edafc97670f377f6246423545e9c93c9ac,e96b68b689c838f119c2c7b41b57cd96061d187b6b51e9b67a875562e605ea08
chess-promotion-hits,scan,2048,calibration,6,1,bmi2-popcnt,501,918ee1191bbe4804abc47c20f42163edafc97670f377f6246423545e9c93c9ac,e2c4306f48a1f37123836a48514761fae9b011d60229bf2e08dafb21746a136b
chess-promotion-hits,hash,2048,measurement,0,0,bmi2-popcnt,88,918ee1191bbe4804abc47c20f42163edafc97670f377f6246423545e9c93c9ac,45ea3683d172bb9d8447057d5e405995846efa5dc5a172eb5dfc6432ded207d3
chess-promotion-hits,scan,2048,measurement,0,1,bmi2-popcnt,512,918ee1191bbe4804abc47c20f42163edafc97670f377f6246423545e9c93c9ac,933a2094816bfa51a7299953f5f6aabc43dda5d8ffad09297c6e4f28f6b54a3c
chess-promotion-hits,scan,2048,measurement,1,0,bmi2-popcnt,499,918ee1191bbe4804abc47c20f42163edafc97670f377f6246423545e9c93c9ac,022f597e366dc50f64aed07d4c3d4230b817c47260dff7913a6303e1e293c705
chess-promotion-hits,hash,2048,measurement,1,1,bmi2-popcnt,82,918ee1191bbe4804abc47c20f42163edafc97670f377f6246423545e9c93c9ac,dad3fb0771b73e3cc21a7e3a7e2d5fd92fb8f4da9af5ef00299ec1c57228e825
chess-promotion-hits,hash,2048,measurement,2,0,bmi2-popcnt,82,918ee1191bbe4804abc47c20f42163edafc97670f377f6246423545e9c93c9ac,dad3fb0771b73e3cc21a7e3a7e2d5fd92fb8f4da9af5ef00299ec1c57228e825
chess-promotion-hits,scan,2048,measurement,2,1,bmi2-popcnt,500,918ee1191bbe4804abc47c20f42163edafc97670f377f6246423545e9c93c9ac,6baca4cfd5330a604b5858db0c694079c3859121781137bd6c396af315856137
chess-promotion-hits,scan,2048,measurement,3,0,bmi2-popcnt,497,918ee1191bbe4804abc47c20f42163edafc97670f377f6246423545e9c93c9ac,49917c857bca685e1a07fddab88dd0fafcbaf5b64e3eb88e3c8fe6e473520397
chess-promotion-hits,hash,2048,measurement,3,1,bmi2-popcnt,80,918ee1191bbe4804abc47c20f42163edafc97670f377f6246423545e9c93c9ac,5e8c6ae5bff28373962940936a197400d765c6181f3797f85a9b1e236a0f0ebf
chess-promotion-hits,hash,2048,measurement,4,0,bmi2-popcnt,79,918ee1191bbe4804abc47c20f42163edafc97670f377f6246423545e9c93c9ac,1901ed68d1d85450669ceaa630c932fefb82d0308621cf89caea05fcbeb73bdb
chess-promotion-hits,scan,2048,measurement,4,1,bmi2-popcnt,503,918ee1191bbe4804abc47c20f42163edafc97670f377f6246423545e9c93c9ac,b831a2ed3cc5b059729bfac427c7d58e269ccdeea70a67fb40e667c4d1c2a45a
chess-promotion-hits,scan,2048,measurement,5,0,bmi2-popcnt,500,918ee1191bbe4804abc47c20f42163edafc97670f377f6246423545e9c93c9ac,6baca4cfd5330a604b5858db0c694079c3859121781137bd6c396af315856137
chess-promotion-hits,hash,2048,measurement,5,1,bmi2-popcnt,88,918ee1191bbe4804abc47c20f42163edafc97670f377f6246423545e9c93c9ac,45ea3683d172bb9d8447057d5e405995846efa5dc5a172eb5dfc6432ded207d3
chess-promotion-misses,hash,32,calibration,0,0,bmi2-popcnt,2,13c3d82ca31f49d8b7e5122360063bc5a83cbc66c36fd8da430eba2e2501f439,d736bced365b687fd0abbef03aede79f1ff25130ba4dc71356faadeddda7ac1d
chess-promotion-misses,scan,32,calibration,0,1,bmi2-popcnt,14,13c3d82ca31f49d8b7e5122360063bc5a83cbc66c36fd8da430eba2e2501f439,9807b9c695d4ee2d8b067ea044e5e90f47320198af2e67de4cd01aa12395e63d
chess-promotion-misses,hash,64,calibration,1,0,bmi2-popcnt,3,10c823d5ddcb4151a22784c25a7aae4994bed654efaed905003404870336dab5,6fb12c5e066646a826304e3a0d50baca561decd36c6c09e1f998fdbd0319e6bb
chess-promotion-misses,scan,64,calibration,1,1,bmi2-popcnt,29,10c823d5ddcb4151a22784c25a7aae4994bed654efaed905003404870336dab5,ee0e106d51aa7e44932605ed45891392efdacca84ad4a59f9e237cb9ab144ea0
chess-promotion-misses,hash,128,calibration,2,0,bmi2-popcnt,7,477a98842f81ed8b2d93818091b840699034cd76d36fca3ff49285fe5d452850,979ebfb805e75ba8277a5ed90ac3e0ed9bdf5289e8a1fed29da884e901be057c
chess-promotion-misses,scan,128,calibration,2,1,bmi2-popcnt,59,477a98842f81ed8b2d93818091b840699034cd76d36fca3ff49285fe5d452850,78f6d8d280565b1823288875065a59499585358be53e11cf9f9e64541c2c064e
chess-promotion-misses,hash,256,calibration,3,0,bmi2-popcnt,13,737b9113cefb00f9aab8e559fc0b301a303d807be3e92da686e323ccf4886208,c20ebdde10a2a6e18ff67bbb9af19b36c2cc8a99435a9778044bd87bd0e0d70b
chess-promotion-misses,scan,256,calibration,3,1,bmi2-popcnt,116,737b9113cefb00f9aab8e559fc0b301a303d807be3e92da686e323ccf4886208,8ca3a49b86745062ef8619078caad7d4292d35b9e7be20afd202cf6ee52d8418
chess-promotion-misses,hash,512,calibration,4,0,bmi2-popcnt,27,5fbcb30e373488ce5e6a23ecfc4787dfb0cdae46db553a8b29921b5ab0bc0cab,dcba1553c112774da4a5e3a7c1aeb9f824c011bc4669c0d3469a166198f44612
chess-promotion-misses,scan,512,calibration,4,1,bmi2-popcnt,228,5fbcb30e373488ce5e6a23ecfc4787dfb0cdae46db553a8b29921b5ab0bc0cab,dd80c3658ae3bfb693a3e4cde0d33c5fa5052b289c1489cf92006b74ac4265f0
chess-promotion-misses,hash,1024,calibration,5,0,bmi2-popcnt,56,8fdccab764e9b0c9c08b30e1bcb813f923cfe58cc6aa666c1286af5f03d6b21f,741e7745fb6796abc178fb7480ed15f6990cc4616c84773b3c925420f54b35eb
chess-promotion-misses,scan,1024,calibration,5,1,bmi2-popcnt,454,8fdccab764e9b0c9c08b30e1bcb813f923cfe58cc6aa666c1286af5f03d6b21f,16e62932d17c1e9b4ca911cd229e7c760d510d53b202eeff126c1caa7647c651
chess-promotion-misses,hash,2048,calibration,6,0,bmi2-popcnt,106,5631f6abe690da2e434976ca203fccafc472942c47be6a6a30869bcab973e66d,c78bb8f804ab89b9338eabd40a944325049faaf1d081f2487694fc1bacfb98e2
chess-promotion-misses,scan,2048,calibration,6,1,bmi2-popcnt,890,5631f6abe690da2e434976ca203fccafc472942c47be6a6a30869bcab973e66d,56ac1fac1d411043f7436ce5773742b62d4cf4a488914d1e8711a0b7bc11bb1b
chess-promotion-misses,hash,2048,measurement,0,0,bmi2-popcnt,106,5631f6abe690da2e434976ca203fccafc472942c47be6a6a30869bcab973e66d,c78bb8f804ab89b9338eabd40a944325049faaf1d081f2487694fc1bacfb98e2
chess-promotion-misses,scan,2048,measurement,0,1,bmi2-popcnt,897,5631f6abe690da2e434976ca203fccafc472942c47be6a6a30869bcab973e66d,3cafe60e7d91024de1fcd5ac538d7ee0c709a0511d84c82d297c791c071c0c8c
chess-promotion-misses,scan,2048,measurement,1,0,bmi2-popcnt,890,5631f6abe690da2e434976ca203fccafc472942c47be6a6a30869bcab973e66d,56ac1fac1d411043f7436ce5773742b62d4cf4a488914d1e8711a0b7bc11bb1b
chess-promotion-misses,hash,2048,measurement,1,1,bmi2-popcnt,106,5631f6abe690da2e434976ca203fccafc472942c47be6a6a30869bcab973e66d,c78bb8f804ab89b9338eabd40a944325049faaf1d081f2487694fc1bacfb98e2
chess-promotion-misses,hash,2048,measurement,2,0,bmi2-popcnt,104,5631f6abe690da2e434976ca203fccafc472942c47be6a6a30869bcab973e66d,852993cc7ba5a41d78864b17479e4c1b0b2b03a0a1c347b087b84825880acd28
chess-promotion-misses,scan,2048,measurement,2,1,bmi2-popcnt,901,5631f6abe690da2e434976ca203fccafc472942c47be6a6a30869bcab973e66d,d6c1ef46b3b469be86846252dae22f0df0fde9c42dfc57c2c394578fbe55602e
chess-promotion-misses,scan,2048,measurement,3,0,bmi2-popcnt,892,5631f6abe690da2e434976ca203fccafc472942c47be6a6a30869bcab973e66d,b5f8034b195522681cf468acbc961ebe046fa68056e26d37e3ee5780ebeaa738
chess-promotion-misses,hash,2048,measurement,3,1,bmi2-popcnt,103,5631f6abe690da2e434976ca203fccafc472942c47be6a6a30869bcab973e66d,bba85c7c5f8716aeae6fd299999f47dda7910074d11a2a06acb44e79ed96bcb6
chess-promotion-misses,hash,2048,measurement,4,0,bmi2-popcnt,103,5631f6abe690da2e434976ca203fccafc472942c47be6a6a30869bcab973e66d,bba85c7c5f8716aeae6fd299999f47dda7910074d11a2a06acb44e79ed96bcb6
chess-promotion-misses,scan,2048,measurement,4,1,bmi2-popcnt,895,5631f6abe690da2e434976ca203fccafc472942c47be6a6a30869bcab973e66d,02c73e238d035ce4c9baea7d776432bd073ad26e09aac719aee5c4e20029c0c5
chess-promotion-misses,scan,2048,measurement,5,0,bmi2-popcnt,893,5631f6abe690da2e434976ca203fccafc472942c47be6a6a30869bcab973e66d,d4fb6d4661ae126889bb8ae210cde0063c58892d6c25a3ba96f849b1e9beffc8
chess-promotion-misses,hash,2048,measurement,5,1,bmi2-popcnt,103,5631f6abe690da2e434976ca203fccafc472942c47be6a6a30869bcab973e66d,bba85c7c5f8716aeae6fd299999f47dda7910074d11a2a06acb44e79ed96bcb6
chess-promotion-churn,hash,32,calibration,0,0,bmi2-popcnt,2,dcfd81a974e3ecba161c33f90a08c647c60dc985550ddb4d56431a360928cc12,d8cbfb449225ee33603448f758dd268f83f8d1157c3750cf62cf2f377dd3cc27
chess-promotion-churn,scan,32,calibration,0,1,bmi2-popcnt,10,dcfd81a974e3ecba161c33f90a08c647c60dc985550ddb4d56431a360928cc12,9c16d3f0a74c4f8c9e85bdad54252db3ad7c4af960f7bb7c69b387d52fcda743
chess-promotion-churn,hash,64,calibration,1,0,bmi2-popcnt,5,2db0b42e2ba67f0bb4878f3005f32b7c3adbd80e2e900bd79178117eb54b3673,82531da8137bfa2d578b5cdd8134b10cfc1aea6d09278fc381629ef6eeb6cc25
chess-promotion-churn,scan,64,calibration,1,1,bmi2-popcnt,18,2db0b42e2ba67f0bb4878f3005f32b7c3adbd80e2e900bd79178117eb54b3673,7d19140dc7f6eb3ea69ac58f3ed79feee21095c67278b750667a681571eac79b
chess-promotion-churn,hash,128,calibration,2,0,bmi2-popcnt,8,9f4994ea43b1ec1f2be436ea59f9fe8ca59848a1834399493e651a31a419bf6c,59f065f8d07345889c7eab223c37435d118bba4518c241b68f4325519aa62101
chess-promotion-churn,scan,128,calibration,2,1,bmi2-popcnt,40,9f4994ea43b1ec1f2be436ea59f9fe8ca59848a1834399493e651a31a419bf6c,050db3d3dfd5bf0ac5366d48dab2c27b8a8043749e1d0c76e44c4861a6c6fee8
chess-promotion-churn,hash,256,calibration,3,0,bmi2-popcnt,12,f3087b33b6e0089d8b96cc63ed787dbf3ebebd3dae0cd69c9e5b981952c3e44f,f4bcf32d6a89f1650498b9ef427732f73bbdf5aeb4d32074ecc2838bae27cdb0
chess-promotion-churn,scan,256,calibration,3,1,bmi2-popcnt,79,f3087b33b6e0089d8b96cc63ed787dbf3ebebd3dae0cd69c9e5b981952c3e44f,1744b7d0906c2d14b4b757af26bad8566036579103bf8001fa5ed36201a4a736
chess-promotion-churn,hash,512,calibration,4,0,bmi2-popcnt,26,5b682684900b1e55636be2f8d954cb51294891b66843177a4052de613004f71c,729f1ccc671c489f340ce4797fdb68cb423747435c9c60f5fea7e5adadf3547c
chess-promotion-churn,scan,512,calibration,4,1,bmi2-popcnt,158,5b682684900b1e55636be2f8d954cb51294891b66843177a4052de613004f71c,b162af0d0b31467ee0d46b97feb8259fa6ef4c9ed423fc60160034acc600abfe
chess-promotion-churn,hash,1024,calibration,5,0,bmi2-popcnt,57,31ff9312b540b641852193987ff6be5f8da7e50fb8053b4fd4ce0b06605e51d5,dd308e50dbd8d8785cef52754b718c75f1a5d4fb334ac6c791473b2d7f0d85c0
chess-promotion-churn,scan,1024,calibration,5,1,bmi2-popcnt,298,31ff9312b540b641852193987ff6be5f8da7e50fb8053b4fd4ce0b06605e51d5,0c45f93f1e7a5fb6dbc640479da53bb34d31a6477e1ea6cc87560e57b64495d2
chess-promotion-churn,hash,2048,calibration,6,0,bmi2-popcnt,98,74df2fdcde43dada54fb6c2350b128c9a1154bbd3470ad5af7759639648db6fe,17a25977bcca5b7426cbfa5f47d80918ec7639c5a3d8a05c716cb3c0edcdac6a
chess-promotion-churn,scan,2048,calibration,6,1,bmi2-popcnt,594,74df2fdcde43dada54fb6c2350b128c9a1154bbd3470ad5af7759639648db6fe,2ac5f8da496923d8c8fdf0fc46c744c4f5923d0ca0e4e6eeed5611c05b746840
chess-promotion-churn,hash,2048,measurement,0,0,bmi2-popcnt,97,74df2fdcde43dada54fb6c2350b128c9a1154bbd3470ad5af7759639648db6fe,957c5dfffc8f63856a5005e77c72d1a4507069de9e87c755dc73e8de4598a119
chess-promotion-churn,scan,2048,measurement,0,1,bmi2-popcnt,595,74df2fdcde43dada54fb6c2350b128c9a1154bbd3470ad5af7759639648db6fe,29b46f4e802e8e9717be16d296002f482d9ae62d345b0ae106f41fca24b9bcf0
chess-promotion-churn,scan,2048,measurement,1,0,bmi2-popcnt,590,74df2fdcde43dada54fb6c2350b128c9a1154bbd3470ad5af7759639648db6fe,9b1364008dd9ee0c74d5ed9736c80d1aaee29e2164638b799a2a4e0595c5f59b
chess-promotion-churn,hash,2048,measurement,1,1,bmi2-popcnt,101,74df2fdcde43dada54fb6c2350b128c9a1154bbd3470ad5af7759639648db6fe,8563ac1c05cfa87e6fdf3c7584850ee4c598b701d472001014b3b6e1adb0b63f
chess-promotion-churn,hash,2048,measurement,2,0,bmi2-popcnt,101,74df2fdcde43dada54fb6c2350b128c9a1154bbd3470ad5af7759639648db6fe,8563ac1c05cfa87e6fdf3c7584850ee4c598b701d472001014b3b6e1adb0b63f
chess-promotion-churn,scan,2048,measurement,2,1,bmi2-popcnt,592,74df2fdcde43dada54fb6c2350b128c9a1154bbd3470ad5af7759639648db6fe,1598c2b66f6aa4e444565199dabe01bffe2dc79b328acc8175b527c0d5d3b961
chess-promotion-churn,scan,2048,measurement,3,0,bmi2-popcnt,591,74df2fdcde43dada54fb6c2350b128c9a1154bbd3470ad5af7759639648db6fe,db625c4bae5cb0e0792fd907c187e81c66a35bff60ff679b597f1b569fe07466
chess-promotion-churn,hash,2048,measurement,3,1,bmi2-popcnt,99,74df2fdcde43dada54fb6c2350b128c9a1154bbd3470ad5af7759639648db6fe,c8c01b4b471bb975d62c1cdabdf5dcf61a2f28142413e6933bab3750340f0cd6
chess-promotion-churn,hash,2048,measurement,4,0,bmi2-popcnt,95,74df2fdcde43dada54fb6c2350b128c9a1154bbd3470ad5af7759639648db6fe,fc1877e1c945c5629277440ce4081731f7ebee9608d7c4d14aca160b060694a9
chess-promotion-churn,scan,2048,measurement,4,1,bmi2-popcnt,593,74df2fdcde43dada54fb6c2350b128c9a1154bbd3470ad5af7759639648db6fe,ddc4e368c7261485df5bd8f16f6237e53005bc2a27999279c04a498900e7edb9
chess-promotion-churn,scan,2048,measurement,5,0,bmi2-popcnt,589,74df2fdcde43dada54fb6c2350b128c9a1154bbd3470ad5af7759639648db6fe,48e090c1bb3d1bad8987b94b6af6424d8300a27f6938db187f0b3be7796402c4
chess-promotion-churn,hash,2048,measurement,5,1,bmi2-popcnt,97,74df2fdcde43dada54fb6c2350b128c9a1154bbd3470ad5af7759639648db6fe,957c5dfffc8f63856a5005e77c72d1a4507069de9e87c755dc73e8de4598a119
