phase,index,arm,size,steps,milliseconds,stdout_sha256
contract-generic,0,list,1,0,0,fab0d1bb110539c2ae956c945e9bf6b7a6b3ed4f96645b9b126fb56d73d08569
contract-generic,0,list,1,1,0,59503e7d632dff5e0e4c72463b08771ba11b4ba1a632985e857c5b836a362912
contract-generic,0,list,1,3,0,d0e5cbc3611364afcb4eaef68e0168af5d46e191046ee6b23881143530659239
contract-generic,0,list,3,0,0,9e57394064a8037640b485e8f8524a03363627bf90b06e69aca31d197c7e18d1
contract-generic,0,list,3,1,0,cbec1331dfd07b61574fcb085c7af2ebdba7b34d40bf7dea1991195bd45bbb39
contract-generic,0,list,3,7,0,1ff8fe614c2fd246ca8329205106698f1d438e0ca0fb9fbbd095207977a0da16
contract-generic,0,list,16,0,0,d982db84faf41b7393f137e804552e8e2c96d59885929fb0737c0d11dad41425
contract-generic,0,list,16,1,0,eaf1758a8871d5b8800a927d76f9f0790c65469dd01f08843284a89f9deed22d
contract-generic,0,list,16,33,0,c9df6a8b1dfa4322c8fea67077780ac9c33e2e4b57f75ad5264bbb7d8be48d0b
contract-generic,0,fifo,1,0,0,d3da0536d53c0879bea85790736c1a45d51ced5864afc1d84ba588b630d7ddcd
contract-generic,0,fifo,1,1,0,e881bafac738b36db75a7d6de5ca648a8511b150a7541ab568230e30a8f7a65b
contract-generic,0,fifo,1,3,0,10e1a61443db33db999d04737d5be008e38d410278dc396367bc00a15d305f70
contract-generic,0,fifo,3,0,0,3c44a3b0c3c88ae6ea08d9060dc838d8051bc54e2e49c300130d8a75fd3d2819
contract-generic,0,fifo,3,1,0,2f3d71d1f1f6c45a8e350fd113a3d8c0a10fac6bfb8c0cec1af70a66977b5a02
contract-generic,0,fifo,3,7,0,604e091b9d036fb9d9d1a071f9cd22fb7ecb545c1a1658b9da395cc4edb836dd
contract-generic,0,fifo,16,0,0,dda2df633fcda671eb482053fe1defed751f206d8ca9e640a9ac9286ad6d9b1c
contract-generic,0,fifo,16,1,0,084fd383f1086173fddb29095c59730a2d6a9fb2a449d31b28a3d9e3bb187515
contract-generic,0,fifo,16,33,0,5976e502cd8a2ca9f8296689e69869bab412a40ae3e11e7b1492ae0d1dc29570
contract-generic,0,ring,1,0,0,dbe9334af849743725abb5515d6d284eb7bac9eaac7f6bcab16967a3e9316d6c
contract-generic,0,ring,1,1,0,3a90d5a17d05c7643c7be5e0597ce0637251fd9481991a66ae0f6ae82f1234a8
contract-generic,0,ring,1,3,0,69389f2632d567147888cca35fba30e16063839c7162b227432d46b3c17862bd
contract-generic,0,ring,3,0,0,828844d9e5cbdd4b876eb95da8d8d486212a0709ff94ab3742ed1fc68ab3c892
contract-generic,0,ring,3,1,0,413e3dca254565231d193ea419cffbfd4ca3227b5fd52408e1ca7dfd28478aa2
contract-generic,0,ring,3,7,0,7f0a834682c647813ea83f83152e093cd25816e0433a02a5dd1cd1f798ace2f4
contract-generic,0,ring,16,0,0,db3be5d810f3790ef3f0619772fc5a9f9409325e69a62e1a9fd71816db7eee95
contract-generic,0,ring,16,1,0,22cca197a3df9c87bbbf732a0dae18b681c65a768ac3f6063a64ced25202ca43
contract-generic,0,ring,16,33,0,f4b36ee40c6ee2a486b6e0023e2ad5336d84d077685ee24fb33e5c2437bdd020
contract-ubsan,0,list,1,0,0,fab0d1bb110539c2ae956c945e9bf6b7a6b3ed4f96645b9b126fb56d73d08569
contract-ubsan,0,list,1,1,0,59503e7d632dff5e0e4c72463b08771ba11b4ba1a632985e857c5b836a362912
contract-ubsan,0,list,1,3,0,d0e5cbc3611364afcb4eaef68e0168af5d46e191046ee6b23881143530659239
contract-ubsan,0,list,3,0,0,9e57394064a8037640b485e8f8524a03363627bf90b06e69aca31d197c7e18d1
contract-ubsan,0,list,3,1,0,cbec1331dfd07b61574fcb085c7af2ebdba7b34d40bf7dea1991195bd45bbb39
contract-ubsan,0,list,3,7,0,1ff8fe614c2fd246ca8329205106698f1d438e0ca0fb9fbbd095207977a0da16
contract-ubsan,0,list,16,0,0,d982db84faf41b7393f137e804552e8e2c96d59885929fb0737c0d11dad41425
contract-ubsan,0,list,16,1,0,eaf1758a8871d5b8800a927d76f9f0790c65469dd01f08843284a89f9deed22d
contract-ubsan,0,list,16,33,0,c9df6a8b1dfa4322c8fea67077780ac9c33e2e4b57f75ad5264bbb7d8be48d0b
contract-ubsan,0,fifo,1,0,0,d3da0536d53c0879bea85790736c1a45d51ced5864afc1d84ba588b630d7ddcd
contract-ubsan,0,fifo,1,1,0,e881bafac738b36db75a7d6de5ca648a8511b150a7541ab568230e30a8f7a65b
contract-ubsan,0,fifo,1,3,0,10e1a61443db33db999d04737d5be008e38d410278dc396367bc00a15d305f70
contract-ubsan,0,fifo,3,0,0,3c44a3b0c3c88ae6ea08d9060dc838d8051bc54e2e49c300130d8a75fd3d2819
contract-ubsan,0,fifo,3,1,0,2f3d71d1f1f6c45a8e350fd113a3d8c0a10fac6bfb8c0cec1af70a66977b5a02
contract-ubsan,0,fifo,3,7,0,604e091b9d036fb9d9d1a071f9cd22fb7ecb545c1a1658b9da395cc4edb836dd
contract-ubsan,0,fifo,16,0,0,dda2df633fcda671eb482053fe1defed751f206d8ca9e640a9ac9286ad6d9b1c
contract-ubsan,0,fifo,16,1,0,084fd383f1086173fddb29095c59730a2d6a9fb2a449d31b28a3d9e3bb187515
contract-ubsan,0,fifo,16,33,0,5976e502cd8a2ca9f8296689e69869bab412a40ae3e11e7b1492ae0d1dc29570
contract-ubsan,0,ring,1,0,0,dbe9334af849743725abb5515d6d284eb7bac9eaac7f6bcab16967a3e9316d6c
contract-ubsan,0,ring,1,1,0,3a90d5a17d05c7643c7be5e0597ce0637251fd9481991a66ae0f6ae82f1234a8
contract-ubsan,0,ring,1,3,0,69389f2632d567147888cca35fba30e16063839c7162b227432d46b3c17862bd
contract-ubsan,0,ring,3,0,0,828844d9e5cbdd4b876eb95da8d8d486212a0709ff94ab3742ed1fc68ab3c892
contract-ubsan,0,ring,3,1,0,413e3dca254565231d193ea419cffbfd4ca3227b5fd52408e1ca7dfd28478aa2
contract-ubsan,0,ring,3,7,0,7f0a834682c647813ea83f83152e093cd25816e0433a02a5dd1cd1f798ace2f4
contract-ubsan,0,ring,16,0,0,db3be5d810f3790ef3f0619772fc5a9f9409325e69a62e1a9fd71816db7eee95
contract-ubsan,0,ring,16,1,0,22cca197a3df9c87bbbf732a0dae18b681c65a768ac3f6063a64ced25202ca43
contract-ubsan,0,ring,16,33,0,f4b36ee40c6ee2a486b6e0023e2ad5336d84d077685ee24fb33e5c2437bdd020
contract-native,0,list,1,0,0,fab0d1bb110539c2ae956c945e9bf6b7a6b3ed4f96645b9b126fb56d73d08569
contract-native,0,list,1,1,0,59503e7d632dff5e0e4c72463b08771ba11b4ba1a632985e857c5b836a362912
contract-native,0,list,1,3,0,d0e5cbc3611364afcb4eaef68e0168af5d46e191046ee6b23881143530659239
contract-native,0,list,3,0,0,9e57394064a8037640b485e8f8524a03363627bf90b06e69aca31d197c7e18d1
contract-native,0,list,3,1,0,cbec1331dfd07b61574fcb085c7af2ebdba7b34d40bf7dea1991195bd45bbb39
contract-native,0,list,3,7,0,1ff8fe614c2fd246ca8329205106698f1d438e0ca0fb9fbbd095207977a0da16
contract-native,0,list,16,0,0,d982db84faf41b7393f137e804552e8e2c96d59885929fb0737c0d11dad41425
contract-native,0,list,16,1,0,eaf1758a8871d5b8800a927d76f9f0790c65469dd01f08843284a89f9deed22d
contract-native,0,list,16,33,0,c9df6a8b1dfa4322c8fea67077780ac9c33e2e4b57f75ad5264bbb7d8be48d0b
contract-native,0,fifo,1,0,0,d3da0536d53c0879bea85790736c1a45d51ced5864afc1d84ba588b630d7ddcd
contract-native,0,fifo,1,1,0,e881bafac738b36db75a7d6de5ca648a8511b150a7541ab568230e30a8f7a65b
contract-native,0,fifo,1,3,0,10e1a61443db33db999d04737d5be008e38d410278dc396367bc00a15d305f70
contract-native,0,fifo,3,0,0,3c44a3b0c3c88ae6ea08d9060dc838d8051bc54e2e49c300130d8a75fd3d2819
contract-native,0,fifo,3,1,0,2f3d71d1f1f6c45a8e350fd113a3d8c0a10fac6bfb8c0cec1af70a66977b5a02
contract-native,0,fifo,3,7,0,604e091b9d036fb9d9d1a071f9cd22fb7ecb545c1a1658b9da395cc4edb836dd
contract-native,0,fifo,16,0,0,dda2df633fcda671eb482053fe1defed751f206d8ca9e640a9ac9286ad6d9b1c
contract-native,0,fifo,16,1,0,084fd383f1086173fddb29095c59730a2d6a9fb2a449d31b28a3d9e3bb187515
contract-native,0,fifo,16,33,0,5976e502cd8a2ca9f8296689e69869bab412a40ae3e11e7b1492ae0d1dc29570
contract-native,0,ring,1,0,0,dbe9334af849743725abb5515d6d284eb7bac9eaac7f6bcab16967a3e9316d6c
contract-native,0,ring,1,1,0,3a90d5a17d05c7643c7be5e0597ce0637251fd9481991a66ae0f6ae82f1234a8
contract-native,0,ring,1,3,0,69389f2632d567147888cca35fba30e16063839c7162b227432d46b3c17862bd
contract-native,0,ring,3,0,0,828844d9e5cbdd4b876eb95da8d8d486212a0709ff94ab3742ed1fc68ab3c892
contract-native,0,ring,3,1,0,413e3dca254565231d193ea419cffbfd4ca3227b5fd52408e1ca7dfd28478aa2
contract-native,0,ring,3,7,0,7f0a834682c647813ea83f83152e093cd25816e0433a02a5dd1cd1f798ace2f4
contract-native,0,ring,16,0,0,db3be5d810f3790ef3f0619772fc5a9f9409325e69a62e1a9fd71816db7eee95
contract-native,0,ring,16,1,0,22cca197a3df9c87bbbf732a0dae18b681c65a768ac3f6063a64ced25202ca43
contract-native,0,ring,16,33,0,f4b36ee40c6ee2a486b6e0023e2ad5336d84d077685ee24fb33e5c2437bdd020
calibration,0,list,1,32768,2,a96c0d0b2f2ad14583ef8644079f7177d2300542a71027651f06bf2f920623ea
calibration,0,fifo,1,32768,1,c076020e67d00d3556e36f7d7a66c67239474b6ac321e54da6464050725e6fb2
calibration,0,ring,1,32768,2,b1a74f4355bc9a0448a25d4f0296abac539672de4ce6a1a3d7f952753feffca0
calibration,1,list,1,65536,3,16cf3cc83a23e12f2c63d38d448bccf01f74e124adb876705adb563bd6ab406a
calibration,1,fifo,1,65536,5,9d4fb95a85bd660159e01f11eed16a01d0f7522321bc3542d25e2a0cecd0e5e6
calibration,1,ring,1,65536,3,d914ce83517aa9f1451a8288fcbf7b100331e1d19519d8c44783d080c2c8cf83
calibration,2,list,1,131072,6,854b1ccfea05c11fdffff7928aa6cc389bd1c049ce1b6fcb74ea968179c56278
calibration,2,fifo,1,131072,6,81040a2ce2b9b93e9e55dc78051ac12135cf5ca7eb07e8f3bdeb60a493747831
calibration,2,ring,1,131072,6,d5b3fc50d294a066a5787c99b64139af5cbc5c5c8939f8b6a8a81c7235afbc97
calibration,3,list,1,262144,10,31c1f4d9564ab38c8049b4b47f27eae76e7e8cd441589256cf5b61c153842c80
calibration,3,fifo,1,262144,20,c32e7a55aa673056d3c458d6416ca5c1373dd0c0e2175aac35b25224b1aa3ca3
calibration,3,ring,1,262144,28,cb4652a3c7df0295f59a63f2083c4e5c4a80bb198b4b087902568f8979ba4297
calibration,4,list,1,524288,72,07f044e1a94360564ae3a45903adfecfe84fc7b18afb93b712f7f6fa823eda00
calibration,4,fifo,1,524288,25,03608c48e095228e4014a50f3b7717ae618b14742b7898a23168871b0da43d2d
calibration,4,ring,1,524288,26,c39b1cb21e06877704dbb7614a4174c9843b854cd2f03a5b0b767a9daead3295
calibration,5,list,1,1048576,56,b091d1075bbfb89f1a95ab75c33cf9be9fd80667f90a2f92da0bc054957d5a63
calibration,5,fifo,1,1048576,88,9bbc3755e411c654b990a3ce571e0c5835da207f9312aed51520c31e2bc35990
calibration,5,ring,1,1048576,111,126b9874ba1973bb8c983c10c10075b825cfa99af8d3624a261324592bba6ea7
calibration,6,list,1,2097152,88,0d96b426ccfac9f73cbb0e43501ab553e0bf82163db187db815bb3460bf04eb0
calibration,6,fifo,1,2097152,94,6794053dee8af4e6bb35d18db0d7daba0726636642ca354af4af20a173b40323
calibration,6,ring,1,2097152,109,e545b1d36b8d29dcad266f32541f02c08c631e8733a5beac96a448e15a93d74a
calibration,7,list,1,4194304,173,a6e16982bd209b345f5ee4caa10dc80cb30369858959d3aad94420b8a60eddf8
calibration,7,fifo,1,4194304,214,9ecff698faf1130a7e6fc1872aaa357552c5ab12f7e8b598c9a06fce0576928d
calibration,7,ring,1,4194304,270,6ffc29d91a40ba4f2e1fcc2db63d4dc8fae021a8b6c75ab4c62df77e3a0b8509
measurement,0,list,1,4194304,178,841d9741f1635c06ee886523e33c01fe84885f2010ec6f2cbe8990ebe7fd9fd0
measurement,0,fifo,1,4194304,289,a7bd294dfbcbd0f219a4014fd95e15d46bbe63d67ab8f47b9a1565860431b697
measurement,0,ring,1,4194304,224,3f100417c25d6400cc5ac1ff17607fb2813f1b0b4d3f156b4fcf159001ba3e4b
measurement,1,list,1,4194304,194,56e7ccd7fc11cfcb751bf3a9e62731d150b6ce2a650413dd10e2b057d0f75662
measurement,1,ring,1,4194304,268,487bcb7d666fadeac7bf54fbe8a92a0c5c684bf6b866682c8ee50b130759ab90
measurement,1,fifo,1,4194304,191,feebe32950619afaf2943bb208034db21a89cd0834e3cb16c63e95aa9374bf59
measurement,2,fifo,1,4194304,275,f083777b476ee2a644838a475fa44d7a5f9e5373948e115e92e3b6fa9690d862
measurement,2,list,1,4194304,172,9bee13d37c959bdd6ee5832a3d5311db28a0d5ba082c2858cae8752403824783
measurement,2,ring,1,4194304,211,a290ba70c9dd3520b920d56724f2c7ad742a2c5156f7fe94098cac70b8692e22
measurement,3,fifo,1,4194304,336,35a7cbf4ded80a3b252105a53f622f15d6baff90166aaf75496c2f4d07f185f6
measurement,3,ring,1,4194304,228,4ea42d8fae6293ea34e0ed39bfd00ddf67290e64371d8e6bf64d3b4e10c0bf3a
measurement,3,list,1,4194304,265,bbba4ec5e8a051790435ff0d02be7b285e979fee20e677305cd4647d7bf0eea3
measurement,4,ring,1,4194304,227,70585208d91064fc7ff3442b9cf3e6c9620cb50f5f5bf6ab442aa5f0938673a9
measurement,4,list,1,4194304,224,93bc5d8bf4c706721c498dcb99ceabf22633b67542e4e4e4effa658486cb865a
measurement,4,fifo,1,4194304,246,143d118b3528aad2a94ed925f135c1775a38d9de6a3e71aaf9ebe7c2ca84673d
measurement,5,ring,1,4194304,218,672608120e6a2cea57d954d5409f8f96ba770c70a9ea33dc7d6683557fe0d418
measurement,5,fifo,1,4194304,292,e90086b3f5c0129789c391edc7ba6dbfc9ebf8d097582502267177c7e7668842
measurement,5,list,1,4194304,168,dd454d06245a8a67113d2afc64e4e5da32b911b91d38c23b4c00f061ad7e0c1e
calibration,0,list,16,32768,4,86b251a02cb4c191375f24fe51be0c45b000d6df26eb9ee7be9bdc65eba3e0e4
calibration,0,fifo,16,32768,1,983f6c924c72ee7e4e1066e88116aafbca1c1037b588226b80478bc813956102
calibration,0,ring,16,32768,2,d15870967db392e7d8a6a53eb05864e8af2e1a4f9d83928abf2d18b8c02ed5b1
calibration,1,list,16,65536,10,bd71149d98d5b0130a433d07e24f0a1a7096e3606bf444eaa835b95386465a1b
calibration,1,fifo,16,65536,3,658cf6ed92014fa02d1918c0c4d172c50fbd23d2a1800c569ca00aea6f5f0c83
calibration,1,ring,16,65536,4,33a6be05987e2c511865449edb4e0a166c61638b42ea647a45acd871ac3c1405
calibration,2,list,16,131072,17,27301bf86686cbf2db0cf1cb4aa2af9f5381790d29bba92a982d418d78ce2571
calibration,2,fifo,16,131072,14,873a3a080499958d67e3c2ac53ec5b3595128a574c8907d790f529f8c9934cee
calibration,2,ring,16,131072,19,4878ca7611c9c00f5605db5fed1f254afce97c277132ba88efc1b1a59628861b
calibration,3,list,16,262144,65,65a865e601f714d314252ae3daf2dcb3ae2bd71d1c9ac1ffcabaf4525f513cc7
calibration,3,fifo,16,262144,15,a9af2422255c0f05f12e374f7d92034120b10526f4fa22fd60fabd21b408de36
calibration,3,ring,16,262144,14,279764f5054b14e1cca693bd7868adf0f51bcaa2701b15546867aa2734a13cfc
calibration,4,list,16,524288,71,1030ee563d72ff4cf51e6e03d694c5a18c981ced41f53da899a0c3efc970803a
calibration,4,fifo,16,524288,23,c8a44c68c563efe8ff3d7e348ffb78c90497ad71a7030760e3ece39ff19ac0cd
calibration,4,ring,16,524288,28,f765e5712a9548bfde9c6c93f2a1fdaa3efe89913dfbe1e0cb05dd6dd277dfd1
calibration,5,list,16,1048576,179,9783a43282c5996db53f71092026989165f3f8a28b4d25ad6c75969a8dcb39c2
calibration,5,fifo,16,1048576,44,012401cafc8ef5aeef53a3bd54acbf9d12a5c1cd39431bfd187cb232556ca6d9
calibration,5,ring,16,1048576,64,057140b13040f19435efcd8b5b45e6625e322fd0f9d61bc119bed8e2edf03caa
calibration,6,list,16,2097152,402,0ff1209d92c2695acd71583b2303e12a1d2d596c349dbcdff22fc00ac8509934
calibration,6,fifo,16,2097152,90,46d5350846fca283305aa1e596a3b5d208fc544f2840c31226afda1a16ec93d1
calibration,6,ring,16,2097152,109,08b5cde2555b204425cf53be7dc62a1db35b2b60b138fa85fdfc19d4345eb121
calibration,7,list,16,4194304,640,7be8ccae76b2c92c80c70701b705c856cbc6eb322f1598330d83862fce97d4b7
calibration,7,fifo,16,4194304,183,216490d1475a689649dce45250fc501de372c74d6e2e2e2ac9d916235cdb6310
calibration,7,ring,16,4194304,302,696b44de807133231533871bbad702c8e394f0f76493f5d0124bccc75dde4d81
measurement,0,list,16,4194304,660,a0cefa6a7ad214a2b35c60fc985b5dc1118f73748c25c2b8a65668b8e805b096
measurement,0,fifo,16,4194304,186,4b0a7169b13c65aa23a654dce17b992a72905f8c390f42e484719c7da517eaa6
measurement,0,ring,16,4194304,328,e2d21c0d5c059abd2ebb0aadae3e881aefe09d973442a2a31ae4ad3b2e3b0785
measurement,1,list,16,4194304,673,69d0e88c209416cb5710e428911624a5c1b9b8272e201d5ea16e6e453752df14
measurement,1,ring,16,4194304,241,0a3f344166864e6590581863fc595577a931ad3cb9d063b0784704f8397b934c
measurement,1,fifo,16,4194304,276,0e0f0b5962d85b5d18ef19847ac5308551699b0eea772ad9183b3a6b6d4960bf
measurement,2,fifo,16,4194304,176,2bd1ce22ff0262c1151d1abcf9870e4acbaf91270a568f2c0e4a79ce428feb47
measurement,2,list,16,4194304,658,fc984afbfba8e249a2ec83e08c46a00683e18b1d8f088cb91b8f9f80f248f6ae
measurement,2,ring,16,4194304,315,6475ab0355a00b95840c7c026530a660de78653d24fa8c2b00bc20e1b56df695
measurement,3,fifo,16,4194304,184,a100a1c8fda861f78c02a0d46216cf453e037779aa52c6da9c76c1d6e34e8f75
measurement,3,ring,16,4194304,229,9e770346bcd6d8a30b29f17244361ca98595214f41bef676c0cd6592ac8af2fe
measurement,3,list,16,4194304,722,92d3c764a140b23d95c9f6ec6e00edeb7ddab901ded0ce289de64a179d287d16
measurement,4,ring,16,4194304,215,339fcd2e95e95e5d43f97e6554129f5521844ed13ab86a3ec3812254bb811c84
measurement,4,list,16,4194304,678,a73c783ae913ab942c66cb051d6edc9666e78c159212b015ba4f4e892394bc32
measurement,4,fifo,16,4194304,283,4558b8f958e54de85511eb70f14f508fd6a7b346dda7700bcd9dde065cbf97f4
measurement,5,ring,16,4194304,220,32bf5904f5b14beeb2ac3c14caac5411470a180a3b3d7075b2e3a6b1babf01ee
measurement,5,fifo,16,4194304,180,ddbf23eb89835bbe53059e00c3b93830d5097dee684a4068e4a8144f0c9d18d2
measurement,5,list,16,4194304,802,7e9a517662937de5c16ac14b17ebce410763aa4bed6711d1721a16288539f510
calibration,0,list,64,32768,16,9f6c04743dd1e5f1a403f8cb0b87f7012123ed05d86971fc6965fd97f2aabff1
calibration,0,fifo,64,32768,2,21da1cb7e20e0cf3e424fc4c17b86758bfec8742bde290f44201da5b3ff1c440
calibration,0,ring,64,32768,2,6e94ae6577628ab9c5a8aa9a7c86970086a3c55455926df1b9dbd40616a13c6d
calibration,1,list,64,65536,29,df6c7ea04da95794aa9675679a1b43d7ec017cda66429802ffa71f7609d77b95
calibration,1,fifo,64,65536,5,09211c68306dc4d8ee6bbb7b91ce1bbaf1f8bb5beff44b6896e0ceb5bffcdf6f
calibration,1,ring,64,65536,4,f404590f8a03373c3f5b8dc4f000e173ad58c123265d08ee1c02d9b52badefaa
calibration,2,list,64,131072,60,cb691a3347a51f4570640be25b1e5c1a5f34051064a7f10e9346fb97b195fbef
calibration,2,fifo,64,131072,8,e9a48ba116f97c8ba3482e43286c029a211ae3d727ca94c71e4768d72cac8ed8
calibration,2,ring,64,131072,9,bbfb8f92b1287144fff6a9b66e4e241acd1b34794eba9b59b7531a1ec175ad2b
calibration,3,list,64,262144,250,08c7ac8623f36583e1a4115f9e01cfa0c0ecff701568b9d310c9b5a3d3b658a1
calibration,3,fifo,64,262144,16,c6b6d8392e6e6868c9d6de812eb397cee4d78d7dfea204ca349cc43dafe918f5
calibration,3,ring,64,262144,17,36a82d7744feccfc7579349ba514d5c4f32f63bccb571fa78723510590f7004a
calibration,4,list,64,524288,273,0645602c5f09b0c990d4ee694acf1add4fc94707b1afece869a346098deee0ef
calibration,4,fifo,64,524288,35,cb2c0f8b2aa8c7f860fd1978285794f9c8bcaf8170ac2046bce62a9ed1889794
calibration,4,ring,64,524288,37,575c46dcb32139e8d45480f0d3b8d0b71c49168fd4d1073c6e65cce2f628224b
calibration,5,list,64,1048576,574,8611e8f1d6bf9b938cb14ecd2e021fdf21c1ae423d64be03069fe044ed891be3
calibration,5,fifo,64,1048576,68,9e69d485ce48706024895ead74482a7ee2bd99556a2012ae36195b79840c5532
calibration,5,ring,64,1048576,174,a0aec15fea744b3dbb6f9a783a5b750bad72f3c9a41a22b7cd2015a7a8590833
calibration,6,list,64,2097152,1183,3dd86397e4a057f2a1224531a4b5213c08ab90caf4ff11826988a3aaa0e95477
calibration,6,fifo,64,2097152,122,1704e494056fe23e35926aafb6fb180afd78bbf9bf0b87f3558e061fed0d931f
calibration,6,ring,64,2097152,154,26e4d34c904fcb322fb84e937e06456cff6ed5265a552814cc4e083f56f48e56
measurement,0,list,64,2097152,1169,547f671ac02a11ef545c0c860eb031f09ed1c8e085cef28d24602f3061ad0bc8
measurement,0,fifo,64,2097152,144,c3ca418210881e74fe5134ee6f15a5cb9d8efd41ba8e4847aa467eab4a3127bd
measurement,0,ring,64,2097152,239,be390137a34b14d2510904d3de3e79b3a1e7ac674a0d9bc2c22f6c9e4bb7843d
measurement,1,list,64,2097152,1142,4692b62bc7465d9aaa8c8576d7e945183e3be2bc7cd9f81f0155a2ca65cd4de0
measurement,1,ring,64,2097152,147,c9363ea641b3493d714dc19efff862d9e7091ae5c330148d73efa12dbc8e2718
measurement,1,fifo,64,2097152,142,b5e03bae93dee8577ee0acdcd3af6d95871db524f062b0af89b86fc6ef57be9c
measurement,2,fifo,64,2097152,248,beb068ac3b74f380b8e6e2f927e82d541e85c9d411dbc0bd21fc46a3dcf41d92
measurement,2,list,64,2097152,1062,6afd1737296ce1520944a0e2ea77a284b6c92bac266eb491c2df60db4794aa5a
measurement,2,ring,64,2097152,157,469a6a9be924fce434f846fe9486b8369af86fa7645a827dba488b062e88d15b
measurement,3,fifo,64,2097152,139,7bf0d51260cf9b7830325c9471af74872a288cf1c94af465d32407afac30de17
measurement,3,ring,64,2097152,181,344c69fa452916c3868960a63c9814f1a33d4b666878028d77ab7dcfd78ae63e
measurement,3,list,64,2097152,1113,2006e537fc8769d79562885a48fcd34a9fe107c88429c4f00bc2470efe64c048
measurement,4,ring,64,2097152,270,7554a2e1eb7fb99e71129525c9b1420bf2521445fa5b22352d6f7ff91b44ced8
measurement,4,list,64,2097152,1164,b69f2b85898fb02a83f3df6014d3c2cf359d00d382e1ad4072db3e0607928f0f
measurement,4,fifo,64,2097152,147,53b80248f36d4ecc963948519ed87c0fbad0a42d6cf7dba7ede8e82012e3c75e
measurement,5,ring,64,2097152,144,37e0dbeb676c885380e86fbbbd4e02f47e9238ef299d5b71ae5fdbd5ebd95d53
measurement,5,fifo,64,2097152,234,b47456a111bcbfd159d1b8b9cf7debbe65cc256a8be46c5da20e90772df173bc
measurement,5,list,64,2097152,1157,277264446d37f440f8d66462eb1426a5b13f045c2d457a72b8ab7269a6a869e4
