roots,simulations,capacity,physical_capacity,sample,order,peak_rss_kib,process_seconds,coordinator_seconds,stdout_sha256,work_sha256
1,1,4096,4096,0,0,11324,0.018034366,0.0,070849af6bfa33e894bed1a605d7d4f684307b5005156eac56b92b39d848b85d,acb4631d7f835ee72277257488b133b2fae07116c9ad1fcd7acb04d7d2bdef32
1,1,4097,8192,0,1,13560,0.017843656,0.0,67d40078c791c33d9fff2661d9a70521c9e03ff3231ee90059241ff1fa5293a6,acb4631d7f835ee72277257488b133b2fae07116c9ad1fcd7acb04d7d2bdef32
1,1,8192,8192,0,2,13432,0.01761269,0.0,63e94750df0f29cec48f02850d2b0725a83a1022b0ee92b30761b33370847266,acb4631d7f835ee72277257488b133b2fae07116c9ad1fcd7acb04d7d2bdef32
1,1,16384,16384,0,3,11976,0.02751584,0.001,59cc13a9f7061d3d1958b5ca59b613a2db7fd6cfe9e141c4a20c8f36f8b791ba,acb4631d7f835ee72277257488b133b2fae07116c9ad1fcd7acb04d7d2bdef32
1,1,65536,65536,0,4,18412,0.019902546,0.001,f5cd9be2b40f642c99f05221b3dda7aef316b6f7f678b86e48cad07e0f719abb,acb4631d7f835ee72277257488b133b2fae07116c9ad1fcd7acb04d7d2bdef32
1,1,4097,8192,1,0,14096,0.018166729,0.001,be8a4d6d367430a186a679ae39cf2fd6564441d273afb36ca8823d719f9fc42f,acb4631d7f835ee72277257488b133b2fae07116c9ad1fcd7acb04d7d2bdef32
1,1,8192,8192,1,1,14096,0.018003425,0.0,63e94750df0f29cec48f02850d2b0725a83a1022b0ee92b30761b33370847266,acb4631d7f835ee72277257488b133b2fae07116c9ad1fcd7acb04d7d2bdef32
1,1,16384,16384,1,2,11984,0.017962742,0.0,e2313d506a7552a60578ff02647390699610b9eda2f425a568c75cecbb078741,acb4631d7f835ee72277257488b133b2fae07116c9ad1fcd7acb04d7d2bdef32
1,1,65536,65536,1,3,18504,0.019761267,0.001,f5cd9be2b40f642c99f05221b3dda7aef316b6f7f678b86e48cad07e0f719abb,acb4631d7f835ee72277257488b133b2fae07116c9ad1fcd7acb04d7d2bdef32
1,1,4096,4096,1,4,12132,0.023429025,0.001,b94afb52906573381f8fc233a8a360a67493cecdc6466652469e5f782a10b19f,acb4631d7f835ee72277257488b133b2fae07116c9ad1fcd7acb04d7d2bdef32
1,1,8192,8192,2,0,14100,0.027071467,0.0,63e94750df0f29cec48f02850d2b0725a83a1022b0ee92b30761b33370847266,acb4631d7f835ee72277257488b133b2fae07116c9ad1fcd7acb04d7d2bdef32
1,1,16384,16384,2,1,12108,0.021856595,0.0,e2313d506a7552a60578ff02647390699610b9eda2f425a568c75cecbb078741,acb4631d7f835ee72277257488b133b2fae07116c9ad1fcd7acb04d7d2bdef32
1,1,65536,65536,2,2,17516,0.027034465,0.001,f171d354c3a9294800980f23016731e6924fc3c7a38efc9477c4206a78cbddaf,acb4631d7f835ee72277257488b133b2fae07116c9ad1fcd7acb04d7d2bdef32
1,1,4096,4096,2,3,11416,0.017851871,0.001,b94afb52906573381f8fc233a8a360a67493cecdc6466652469e5f782a10b19f,acb4631d7f835ee72277257488b133b2fae07116c9ad1fcd7acb04d7d2bdef32
1,1,4097,8192,2,4,13592,0.017859025,0.0,67d40078c791c33d9fff2661d9a70521c9e03ff3231ee90059241ff1fa5293a6,acb4631d7f835ee72277257488b133b2fae07116c9ad1fcd7acb04d7d2bdef32
1,1,16384,16384,3,0,12012,0.017882852,0.0,e2313d506a7552a60578ff02647390699610b9eda2f425a568c75cecbb078741,acb4631d7f835ee72277257488b133b2fae07116c9ad1fcd7acb04d7d2bdef32
1,1,65536,65536,3,1,18580,0.018762295,0.001,f171d354c3a9294800980f23016731e6924fc3c7a38efc9477c4206a78cbddaf,acb4631d7f835ee72277257488b133b2fae07116c9ad1fcd7acb04d7d2bdef32
1,1,4096,4096,3,2,12084,0.023272051,0.001,47fe80e4950f64a58a1716572fd94eb00c0a40ea1fc5a1b877359e88679aa0b6,acb4631d7f835ee72277257488b133b2fae07116c9ad1fcd7acb04d7d2bdef32
1,1,4097,8192,3,3,14056,0.022727184,0.0,67d40078c791c33d9fff2661d9a70521c9e03ff3231ee90059241ff1fa5293a6,acb4631d7f835ee72277257488b133b2fae07116c9ad1fcd7acb04d7d2bdef32
1,1,8192,8192,3,4,14136,0.018142435,0.0,63e94750df0f29cec48f02850d2b0725a83a1022b0ee92b30761b33370847266,acb4631d7f835ee72277257488b133b2fae07116c9ad1fcd7acb04d7d2bdef32
1,1,65536,65536,4,0,17576,0.020183831,0.0,e120ebf7f60211a2cc7bd07758dcee71e7e0c518776283bdb5628642b132a3b0,acb4631d7f835ee72277257488b133b2fae07116c9ad1fcd7acb04d7d2bdef32
1,1,4096,4096,4,1,11948,0.017176126,0.0,070849af6bfa33e894bed1a605d7d4f684307b5005156eac56b92b39d848b85d,acb4631d7f835ee72277257488b133b2fae07116c9ad1fcd7acb04d7d2bdef32
1,1,4097,8192,4,2,13960,0.018625283,0.0,67d40078c791c33d9fff2661d9a70521c9e03ff3231ee90059241ff1fa5293a6,acb4631d7f835ee72277257488b133b2fae07116c9ad1fcd7acb04d7d2bdef32
1,1,8192,8192,4,3,14096,0.017439967,0.0,63e94750df0f29cec48f02850d2b0725a83a1022b0ee92b30761b33370847266,acb4631d7f835ee72277257488b133b2fae07116c9ad1fcd7acb04d7d2bdef32
1,1,16384,16384,4,4,11972,0.018091462,0.0,e2313d506a7552a60578ff02647390699610b9eda2f425a568c75cecbb078741,acb4631d7f835ee72277257488b133b2fae07116c9ad1fcd7acb04d7d2bdef32
1,64,4096,4096,0,0,12512,0.035867869,0.005,9e298df1755a4be11c65289291e9cd1880234c23da19216a8d2c0b6719c4a33c,f28cef296f94c22e8126eee0df8761f3cdb21c12698cc28664b8638c7ecd8399
1,64,4097,8192,0,1,14728,0.035539333,0.005,772e49c14895d753164de9abef8a7f874c993ffcc1e5bf0643c6c586bcfd785a,f28cef296f94c22e8126eee0df8761f3cdb21c12698cc28664b8638c7ecd8399
1,64,8192,8192,0,2,14672,0.035841671,0.005,a53e42d8ca7bc5fd222461c8aa91625c475c6dbdd77168c3bda8e82b6b3dbce4,f28cef296f94c22e8126eee0df8761f3cdb21c12698cc28664b8638c7ecd8399
1,64,16384,16384,0,3,12720,0.036736297,0.006,074f0b0d47c577a38e70e4dfa3de23b0d9e68ba249c065a48fa5c37040e36a32,f28cef296f94c22e8126eee0df8761f3cdb21c12698cc28664b8638c7ecd8399
1,64,65536,65536,0,4,18808,0.035928375,0.004,7c151637865991b2761edc94144d872e1fd693d2d2e74fc3e64f15f49ff29e34,f28cef296f94c22e8126eee0df8761f3cdb21c12698cc28664b8638c7ecd8399
1,64,4097,8192,1,0,14672,0.041247992,0.005,c444efae59bf46f3cf7c5a72aa8090a67f9e0c2ccb7121aae736059722afae85,f28cef296f94c22e8126eee0df8761f3cdb21c12698cc28664b8638c7ecd8399
1,64,8192,8192,1,1,14740,0.035489922,0.005,a53e42d8ca7bc5fd222461c8aa91625c475c6dbdd77168c3bda8e82b6b3dbce4,f28cef296f94c22e8126eee0df8761f3cdb21c12698cc28664b8638c7ecd8399
1,64,16384,16384,1,2,12584,0.035524406,0.006,074f0b0d47c577a38e70e4dfa3de23b0d9e68ba249c065a48fa5c37040e36a32,f28cef296f94c22e8126eee0df8761f3cdb21c12698cc28664b8638c7ecd8399
1,64,65536,65536,1,3,18680,0.036716049,0.005,26b1f599d6d06af41b0dcf116be21f1a38cf57a6bead589562b3ddb9eec82af7,f28cef296f94c22e8126eee0df8761f3cdb21c12698cc28664b8638c7ecd8399
1,64,4096,4096,1,4,12012,0.03629445,0.005,f8313715fabc0fde781cea0428c7a54e696480f9b157d7bca8df59ae6b6f306e,f28cef296f94c22e8126eee0df8761f3cdb21c12698cc28664b8638c7ecd8399
1,64,8192,8192,2,0,14656,0.047988101,0.008,e3eb30543e77ea6c522504df50d91863afb478ad81ac4e1bcaf484775c538f3c,f28cef296f94c22e8126eee0df8761f3cdb21c12698cc28664b8638c7ecd8399
1,64,16384,16384,2,1,12652,0.035855805,0.005,3d99aba4b8db819b957d3f677c06d2cae2e17b811ea6c7d24580f063ea198ce0,f28cef296f94c22e8126eee0df8761f3cdb21c12698cc28664b8638c7ecd8399
1,64,65536,65536,2,2,18808,0.03794919,0.005,c5182f38c36992ea4cec5f8dc0b5942f0125f17fbc516c95d1482e403c0dcc75,f28cef296f94c22e8126eee0df8761f3cdb21c12698cc28664b8638c7ecd8399
1,64,4096,4096,2,3,12632,0.035925431,0.006,3e2ba49982999b4f70563cbf55faaeeec1fa482caffcdcd9ea72ad0ffbbbc534,f28cef296f94c22e8126eee0df8761f3cdb21c12698cc28664b8638c7ecd8399
1,64,4097,8192,2,4,14660,0.035055115,0.006,9f22b4e0379bccab4fb0cc5bd65df14cb3e92b900f04e4b20bc6f940a996cd8d,f28cef296f94c22e8126eee0df8761f3cdb21c12698cc28664b8638c7ecd8399
1,64,16384,16384,3,0,12544,0.036282961,0.006,d9f6e0b09c0dc567f1301d90ce54badb5df8cd84c0a38dbe728f5496c49622c9,f28cef296f94c22e8126eee0df8761f3cdb21c12698cc28664b8638c7ecd8399
1,64,65536,65536,3,1,18708,0.036662356,0.005,2f7ee76f525f605a3fa29928133beceb3ff54929125f5e754238a0c2096a10b7,f28cef296f94c22e8126eee0df8761f3cdb21c12698cc28664b8638c7ecd8399
1,64,4096,4096,3,2,12604,0.03773458,0.007,8f548f28740972205a22c7a9d4d44c198c2401cc3ea48ddc3b5d593b9daaeaaa,f28cef296f94c22e8126eee0df8761f3cdb21c12698cc28664b8638c7ecd8399
1,64,4097,8192,3,3,14704,0.036614306,0.006,e3c4fd71e16a4f3536eca8229c4e69039a0d281317df6c3df387716312b34e98,f28cef296f94c22e8126eee0df8761f3cdb21c12698cc28664b8638c7ecd8399
1,64,8192,8192,3,4,14632,0.035353008,0.005,5795138e9225a9276431fb09e9e6ce7b13135f18adf5f04f67f0fff1e0573298,f28cef296f94c22e8126eee0df8761f3cdb21c12698cc28664b8638c7ecd8399
1,64,65536,65536,4,0,18664,0.036595,0.006,36f63c163843d22211a3b35fb5fc82bc8eaea9ff675331cc55e368c503d336bf,f28cef296f94c22e8126eee0df8761f3cdb21c12698cc28664b8638c7ecd8399
1,64,4096,4096,4,1,12668,0.035829039,0.006,69f485b9e042620d64a8448e80ce550015c101f447711e6ed85d28cbd9c41d9f,f28cef296f94c22e8126eee0df8761f3cdb21c12698cc28664b8638c7ecd8399
1,64,4097,8192,4,2,14680,0.045111698,0.006,ba24412821e9f787ad4befba12a1db4a78f250d39b203fb0d00adc12b7aedf54,f28cef296f94c22e8126eee0df8761f3cdb21c12698cc28664b8638c7ecd8399
1,64,8192,8192,4,3,14608,0.03534285,0.005,8a4e9d51d556be6571e568869c5929d71e58f57edd8485a65d1a7f545d70bfdd,f28cef296f94c22e8126eee0df8761f3cdb21c12698cc28664b8638c7ecd8399
1,64,16384,16384,4,4,12440,0.035474009,0.005,21e3cf20eb4a6570d022469dd7cde3ad96cc557501736db39da5dc876f0426bc,f28cef296f94c22e8126eee0df8761f3cdb21c12698cc28664b8638c7ecd8399
16,1,4096,4096,0,0,20240,0.024828597,0.001,71dfabbfbd5ed2e7727aa45a76df752de27cda9fba11bec84f1332d19fdf1f90,87017bc89429c9b5fd3b8d6e4436a046e58988c6d198eca8ac4c4ffe7714a0d6
16,1,4097,8192,0,1,28988,0.026279634,0.001,d746ea38f48965fc9386d6279ab51c40a83ac0fc7e1c640894426304ec2e76cb,87017bc89429c9b5fd3b8d6e4436a046e58988c6d198eca8ac4c4ffe7714a0d6
16,1,8192,8192,0,2,28972,0.025672896,0.002,087dda3a90f16df8e77e27086e374d523e0e45af1533eefe0a775ad48f5d2897,87017bc89429c9b5fd3b8d6e4436a046e58988c6d198eca8ac4c4ffe7714a0d6
16,1,16384,16384,0,3,45400,0.029954387,0.002,57d320ae962b1c255b3db89e6834c46789eeaa38057855b253851dc24b08bb09,87017bc89429c9b5fd3b8d6e4436a046e58988c6d198eca8ac4c4ffe7714a0d6
16,1,65536,65536,0,4,143632,0.050822444,0.001,2f7ff7f57973641690257c9560848383b5949003b9a0880d6f3dfd3945099d93,87017bc89429c9b5fd3b8d6e4436a046e58988c6d198eca8ac4c4ffe7714a0d6
16,1,4097,8192,1,0,29012,0.027095089,0.001,950c80262e9ce4a43bc2151730ae2ef4d958ac9be2046029667ec2e9625c1d44,87017bc89429c9b5fd3b8d6e4436a046e58988c6d198eca8ac4c4ffe7714a0d6
16,1,8192,8192,1,1,29020,0.025894835,0.001,0adc202d495aced3a899cd1366fb29a02faa320631fa900b0a7880ef98ec2386,87017bc89429c9b5fd3b8d6e4436a046e58988c6d198eca8ac4c4ffe7714a0d6
16,1,16384,16384,1,2,45380,0.039586986,0.001,c67601b430d292e9fdf01abb286992d018739a01e9f3bfa43b5c6a746d18b188,87017bc89429c9b5fd3b8d6e4436a046e58988c6d198eca8ac4c4ffe7714a0d6
16,1,65536,65536,1,3,143732,0.057305672,0.001,2f7ff7f57973641690257c9560848383b5949003b9a0880d6f3dfd3945099d93,87017bc89429c9b5fd3b8d6e4436a046e58988c6d198eca8ac4c4ffe7714a0d6
16,1,4096,4096,1,4,20864,0.03188282,0.001,71dfabbfbd5ed2e7727aa45a76df752de27cda9fba11bec84f1332d19fdf1f90,87017bc89429c9b5fd3b8d6e4436a046e58988c6d198eca8ac4c4ffe7714a0d6
16,1,8192,8192,2,0,29016,0.0333008,0.001,4eb527d9a23d3567debdcad8a2aa500d68ef571b641ec1cea3697843276db0a9,87017bc89429c9b5fd3b8d6e4436a046e58988c6d198eca8ac4c4ffe7714a0d6
16,1,16384,16384,2,1,45460,0.035979612,0.001,2b05c8db8895896755b9f9c2faa7deb87a231f02165eaa950e993a0a4f61271b,87017bc89429c9b5fd3b8d6e4436a046e58988c6d198eca8ac4c4ffe7714a0d6
16,1,65536,65536,2,2,143704,0.051779544,0.002,56da61bc2c59b407e4f406ba6a185ecfadb28aabbedbf77829b8b94dc945590b,87017bc89429c9b5fd3b8d6e4436a046e58988c6d198eca8ac4c4ffe7714a0d6
16,1,4096,4096,2,3,20224,0.0248092,0.001,71dfabbfbd5ed2e7727aa45a76df752de27cda9fba11bec84f1332d19fdf1f90,87017bc89429c9b5fd3b8d6e4436a046e58988c6d198eca8ac4c4ffe7714a0d6
16,1,4097,8192,2,4,28960,0.038690106,0.002,7cad701a26daa8721c4d22025fee307c83d6a2ff5b73f9b6e666647ff782ed63,87017bc89429c9b5fd3b8d6e4436a046e58988c6d198eca8ac4c4ffe7714a0d6
16,1,16384,16384,3,0,45376,0.03762752,0.001,c67601b430d292e9fdf01abb286992d018739a01e9f3bfa43b5c6a746d18b188,87017bc89429c9b5fd3b8d6e4436a046e58988c6d198eca8ac4c4ffe7714a0d6
16,1,65536,65536,3,1,143640,0.051479752,0.001,2f7ff7f57973641690257c9560848383b5949003b9a0880d6f3dfd3945099d93,87017bc89429c9b5fd3b8d6e4436a046e58988c6d198eca8ac4c4ffe7714a0d6
16,1,4096,4096,3,2,20280,0.035138964,0.002,e3558ce9b2a4e2fea6fa0bdab4c0de3c982d643ed5ec026df805ceb241c67bf9,87017bc89429c9b5fd3b8d6e4436a046e58988c6d198eca8ac4c4ffe7714a0d6
16,1,4097,8192,3,3,29108,0.026727353,0.001,950c80262e9ce4a43bc2151730ae2ef4d958ac9be2046029667ec2e9625c1d44,87017bc89429c9b5fd3b8d6e4436a046e58988c6d198eca8ac4c4ffe7714a0d6
16,1,8192,8192,3,4,29056,0.039780081,0.002,0d5b257aae1d2370c059a4c37eb73b41135106f56ca49b3d3a3da70fe13c0507,87017bc89429c9b5fd3b8d6e4436a046e58988c6d198eca8ac4c4ffe7714a0d6
16,1,65536,65536,4,0,143776,0.051382362,0.001,2f7ff7f57973641690257c9560848383b5949003b9a0880d6f3dfd3945099d93,87017bc89429c9b5fd3b8d6e4436a046e58988c6d198eca8ac4c4ffe7714a0d6
16,1,4096,4096,4,1,20240,0.02484243,0.001,422a60354ebc03e4280ffe66180cf37bbfc0b57a654435742190f7718a9ffc4e,87017bc89429c9b5fd3b8d6e4436a046e58988c6d198eca8ac4c4ffe7714a0d6
16,1,4097,8192,4,2,29048,0.026623397,0.001,fca8a2c6e71304c8e6ac2004d247c7f88348a8c866d01d9966519744af5b25d8,87017bc89429c9b5fd3b8d6e4436a046e58988c6d198eca8ac4c4ffe7714a0d6
16,1,8192,8192,4,3,28912,0.032416362,0.001,bc9d2ebcb66db331775a0351991fb18145311bde12535884553136c1ce1ae750,87017bc89429c9b5fd3b8d6e4436a046e58988c6d198eca8ac4c4ffe7714a0d6
16,1,16384,16384,4,4,45428,0.029271289,0.002,b45300db770d5ef33076e05b7cb92d8d68e6d15c641184c2707fce67eca05b63,87017bc89429c9b5fd3b8d6e4436a046e58988c6d198eca8ac4c4ffe7714a0d6
16,64,4096,4096,0,0,20708,0.329680882,0.071,37b590e31a46661bd0eab62677116dbe0001bbf8f56f295715e5dacae133e12e,ce6dae3554d1ec34f639862c44fd1398435aa8791ede3797e1397a90e2ae3b31
16,64,4097,8192,0,1,29044,0.332041818,0.072,8fbb3c2783f9b1560c11e9a43b14d1b53dae5cfdc31917b9036a374bd95c99f4,ce6dae3554d1ec34f639862c44fd1398435aa8791ede3797e1397a90e2ae3b31
16,64,8192,8192,0,2,29100,0.329591421,0.072,62758e43a0590a01263608c0f536bec110ab2db8c56f2cacfcbfa3d733f257c5,ce6dae3554d1ec34f639862c44fd1398435aa8791ede3797e1397a90e2ae3b31
16,64,16384,16384,0,3,45532,0.335578105,0.072,a99f92272af55e4de3177b10bfa6856ba5bd68d7c04991e77972eb740984a668,ce6dae3554d1ec34f639862c44fd1398435aa8791ede3797e1397a90e2ae3b31
16,64,65536,65536,0,4,143708,0.354199084,0.071,850031efa363ba26da5069aef56c2daab33dc8832abdcf5df61b70e30d7566f7,ce6dae3554d1ec34f639862c44fd1398435aa8791ede3797e1397a90e2ae3b31
16,64,4097,8192,1,0,29096,0.329268471,0.072,0ce02ac6720a61f1e639216b46f41a1aa528c38bbe94516c41063916546d37e3,ce6dae3554d1ec34f639862c44fd1398435aa8791ede3797e1397a90e2ae3b31
16,64,8192,8192,1,1,29020,0.328925163,0.071,8abbd9ded963a8c9453705d1a9974dbc59f6646e62968a8358be94f52f2fbf81,ce6dae3554d1ec34f639862c44fd1398435aa8791ede3797e1397a90e2ae3b31
16,64,16384,16384,1,2,45392,0.331651524,0.071,6c065d8fdd6216715419ca02887c0aa1461e23e6568ac21be81a0ccf6927932b,ce6dae3554d1ec34f639862c44fd1398435aa8791ede3797e1397a90e2ae3b31
16,64,65536,65536,1,3,143728,0.356624512,0.071,d826379bb07d98aabbdd704329c49d570ed493e8e774699ec912b1590cb0000c,ce6dae3554d1ec34f639862c44fd1398435aa8791ede3797e1397a90e2ae3b31
16,64,4096,4096,1,4,20772,0.33410934,0.072,70d5858cdc511ac6dbd07e15d7a08633b4578b729db7111d1e58ae16010e3457,ce6dae3554d1ec34f639862c44fd1398435aa8791ede3797e1397a90e2ae3b31
16,64,8192,8192,2,0,28972,0.329277015,0.072,13babe57021a0e5c3f614f770d062afed6b9c38e2ae4ee1760fdf8626c058356,ce6dae3554d1ec34f639862c44fd1398435aa8791ede3797e1397a90e2ae3b31
16,64,16384,16384,2,1,45348,0.334459516,0.072,753702512e568241a0c83dc78a13026b54fb6bd0d770e71b6e59d3f27067f52b,ce6dae3554d1ec34f639862c44fd1398435aa8791ede3797e1397a90e2ae3b31
16,64,65536,65536,2,2,143656,0.356010683,0.071,2d7dc25792ea079dc2ab5780fff39f5ee1cf62e49175dfb198709e2ce76433ae,ce6dae3554d1ec34f639862c44fd1398435aa8791ede3797e1397a90e2ae3b31
16,64,4096,4096,2,3,20860,0.329555592,0.071,f6f312aede11f1f8901c3174f552cbf1f9ec6ad3845c5a3c714452d37fa3d728,ce6dae3554d1ec34f639862c44fd1398435aa8791ede3797e1397a90e2ae3b31
16,64,4097,8192,2,4,29004,0.330027316,0.071,b89cb8c1302151603606dd6f9a9433b4528becb1848a40210bef61704db4d9cb,ce6dae3554d1ec34f639862c44fd1398435aa8791ede3797e1397a90e2ae3b31
16,64,16384,16384,3,0,45392,0.333073976,0.071,53538fab8df50dde11c50baf74962da60f16cc26eaeb2434ce2dd9fc1dc68ad6,ce6dae3554d1ec34f639862c44fd1398435aa8791ede3797e1397a90e2ae3b31
16,64,65536,65536,3,1,143516,0.366111631,0.072,1dff071afa0ccb37c404215b0b370c54d52c675e2b1d701fced605de1696fddd,ce6dae3554d1ec34f639862c44fd1398435aa8791ede3797e1397a90e2ae3b31
16,64,4096,4096,3,2,20868,0.327863261,0.071,19164ffe81c08f4f4af9862750abf2c472ebfcf7972785877fdec33ee205da58,ce6dae3554d1ec34f639862c44fd1398435aa8791ede3797e1397a90e2ae3b31
16,64,4097,8192,3,3,29016,0.328891368,0.071,bc8cc70623cfe9a3097352a9804e56245bacf508d96d6167cf09afcedbdc03ff,ce6dae3554d1ec34f639862c44fd1398435aa8791ede3797e1397a90e2ae3b31
16,64,8192,8192,3,4,29096,0.330550018,0.072,b13f9f25ef73a1b521ccc2bc89f75bf2d0b31390877feaf96f357358d06369c9,ce6dae3554d1ec34f639862c44fd1398435aa8791ede3797e1397a90e2ae3b31
16,64,65536,65536,4,0,143644,0.353538708,0.071,e937c0f6cb3ca26f55b999eb9e13b3fdf26da642c7bf8ad9c551455edc15ab9f,ce6dae3554d1ec34f639862c44fd1398435aa8791ede3797e1397a90e2ae3b31
16,64,4096,4096,4,1,20876,0.327161764,0.071,ad5f8b2b23b10adc9658a13020552d602e542ff7ff9919dbf1f45cffbf1dc2e5,ce6dae3554d1ec34f639862c44fd1398435aa8791ede3797e1397a90e2ae3b31
16,64,4097,8192,4,2,28988,0.330341985,0.071,819c6c9ccf3ccee6ca1a4c3bbcbfe318db5bce5531267cc084bdfbd322a65d53,ce6dae3554d1ec34f639862c44fd1398435aa8791ede3797e1397a90e2ae3b31
16,64,8192,8192,4,3,29008,0.329254027,0.072,7527e8946a471cc8f03131fbe0a618db459db25b99af983ee01c901660b1b376,ce6dae3554d1ec34f639862c44fd1398435aa8791ede3797e1397a90e2ae3b31
16,64,16384,16384,4,4,45348,0.332941788,0.072,26c1f75a20d55ad02507b1d61a5d31eee46612b9262eb63ffc3d70f7af61b152,ce6dae3554d1ec34f639862c44fd1398435aa8791ede3797e1397a90e2ae3b31
