case,async,pair,order,arm,repeats,work_sha256,repeat,wall_seconds,cpu_seconds,coordinator_seconds,stdout_sha256
single,False,0,0,sleep,6,bf8717a55744bf7130e8c0ae21788062bdd07078d2c835a67bc97277ca057035,0,0.068713822,0.068334,0.014,3ff76be0d80a55d2cfda6a49c2cb3dbbdb816c9e95f86470ee237f7061d22630
single,False,0,0,sleep,6,bf8717a55744bf7130e8c0ae21788062bdd07078d2c835a67bc97277ca057035,1,0.068521705,0.06813399999999999,0.014,24d744c07a775cd21aa869c4bd35227949ff8c4f28c13780fafa2b8d528ea545
single,False,0,0,sleep,6,bf8717a55744bf7130e8c0ae21788062bdd07078d2c835a67bc97277ca057035,2,0.080639891,0.08024499999999998,0.018,0b4f6f03c1d5d10ae11add37ea415d339f73942712f31bc96fc83b09687ffa0a
single,False,0,0,sleep,6,bf8717a55744bf7130e8c0ae21788062bdd07078d2c835a67bc97277ca057035,3,0.06832584,0.06793199999999994,0.014,7780c9fb34b33a5814aceba6786af01c95e7ade277acc68659f75a58904dfa18
single,False,0,0,sleep,6,bf8717a55744bf7130e8c0ae21788062bdd07078d2c835a67bc97277ca057035,4,0.069218121,0.06881500000000004,0.014,7780c9fb34b33a5814aceba6786af01c95e7ade277acc68659f75a58904dfa18
single,False,0,0,sleep,6,bf8717a55744bf7130e8c0ae21788062bdd07078d2c835a67bc97277ca057035,5,0.068028616,0.06762899999999994,0.014,1730be38c529dfc22a3689c8ae4f86ffab71be779c406926bbce1fb3263f6b15
single,False,0,1,notify,6,bf8717a55744bf7130e8c0ae21788062bdd07078d2c835a67bc97277ca057035,0,0.069178383,0.06881100000000004,0.015,67f8aee76b52ada7414ef6ef5fd2e206f42a4346d87fc6dcf4411c6b4b74b9e3
single,False,0,1,notify,6,bf8717a55744bf7130e8c0ae21788062bdd07078d2c835a67bc97277ca057035,1,0.086985735,0.08658499999999995,0.023,47949dc9f5400b66d92191be35b831046774977c063c3858e10de7bc0c9981d3
single,False,0,1,notify,6,bf8717a55744bf7130e8c0ae21788062bdd07078d2c835a67bc97277ca057035,2,0.068871508,0.06846799999999997,0.015,96412b6a25d3c24c4b9e26f0681e12611eb42491e7145106fdfd54b56a704fe0
single,False,0,1,notify,6,bf8717a55744bf7130e8c0ae21788062bdd07078d2c835a67bc97277ca057035,3,0.068932719,0.06854199999999996,0.015,fbd02f36bf6addc46fd423950c1924b350fb8c1cb1d6a6e0feb9c2d5a100c1bb
single,False,0,1,notify,6,bf8717a55744bf7130e8c0ae21788062bdd07078d2c835a67bc97277ca057035,4,0.067588117,0.06721700000000003,0.015,cabe221e8e6048396f9eb87fa008e072b44ca5f5bcf0542e0dc1a0f922cedfc8
single,False,0,1,notify,6,bf8717a55744bf7130e8c0ae21788062bdd07078d2c835a67bc97277ca057035,5,0.070012379,0.06961899999999993,0.015,fc8299872d3e804b2cf45352e3adc08c6c11c0432c6c7b41b6db6de041feadb4
single,False,1,0,notify,6,bf8717a55744bf7130e8c0ae21788062bdd07078d2c835a67bc97277ca057035,0,0.068710974,0.06828699999999992,0.014,84f3b27cfb0225f75b075c676268001f781da51d47cb0662a4f7201263e47cde
single,False,1,0,notify,6,bf8717a55744bf7130e8c0ae21788062bdd07078d2c835a67bc97277ca057035,1,0.068994705,0.06857299999999994,0.014,7062277c4e745f88da09e02be416af0e6524eb54b74c74ad3e4cbbecd9e7cb65
single,False,1,0,notify,6,bf8717a55744bf7130e8c0ae21788062bdd07078d2c835a67bc97277ca057035,2,0.068946449,0.06849800000000011,0.014,47a76b139edb5a86bd38e1db6bfc72f1974ea96f50dcf8c43e22d6f82b998eb4
single,False,1,0,notify,6,bf8717a55744bf7130e8c0ae21788062bdd07078d2c835a67bc97277ca057035,3,0.067980824,0.06752499999999981,0.014,f133cb0df01bd2db1f6aa39feb05b9028b379d0ccc8deab725ffece31e09342b
single,False,1,0,notify,6,bf8717a55744bf7130e8c0ae21788062bdd07078d2c835a67bc97277ca057035,4,0.069052552,0.06864500000000026,0.015,62b24588d22e094d0e134bb098285be97340c606a28a296e7086b4344ab09123
single,False,1,0,notify,6,bf8717a55744bf7130e8c0ae21788062bdd07078d2c835a67bc97277ca057035,5,0.068635136,0.068223,0.014,1730be38c529dfc22a3689c8ae4f86ffab71be779c406926bbce1fb3263f6b15
single,False,1,1,sleep,6,bf8717a55744bf7130e8c0ae21788062bdd07078d2c835a67bc97277ca057035,0,0.068542493,0.06809399999999999,0.014,d94c28c0cbf355cd9a63580b7b01400d9d1f8db2d863176723a535ac9e68f0ef
single,False,1,1,sleep,6,bf8717a55744bf7130e8c0ae21788062bdd07078d2c835a67bc97277ca057035,1,0.067440191,0.067028,0.014,abc61c081c009ca273d61313aa5c6935c4edd70ba76b9feffa4ce76f8dbf4bdc
single,False,1,1,sleep,6,bf8717a55744bf7130e8c0ae21788062bdd07078d2c835a67bc97277ca057035,2,0.069304822,0.06890100000000016,0.014,d94c28c0cbf355cd9a63580b7b01400d9d1f8db2d863176723a535ac9e68f0ef
single,False,1,1,sleep,6,bf8717a55744bf7130e8c0ae21788062bdd07078d2c835a67bc97277ca057035,3,0.068176532,0.0677839999999997,0.014,7062277c4e745f88da09e02be416af0e6524eb54b74c74ad3e4cbbecd9e7cb65
single,False,1,1,sleep,6,bf8717a55744bf7130e8c0ae21788062bdd07078d2c835a67bc97277ca057035,4,0.075490514,0.07506100000000018,0.021,7e90c6e7b85ff937483f672ebdea8eed22d6b22bfdfb8ffabdd779cecfc22db4
single,False,1,1,sleep,6,bf8717a55744bf7130e8c0ae21788062bdd07078d2c835a67bc97277ca057035,5,0.068946877,0.06857499999999994,0.014,6dc265f0547166f2afada7e0077c46e996d713da515427b7205e8e9c5df0226a
single,False,2,0,sleep,6,bf8717a55744bf7130e8c0ae21788062bdd07078d2c835a67bc97277ca057035,0,0.068955262,0.06849400000000014,0.014,d94c28c0cbf355cd9a63580b7b01400d9d1f8db2d863176723a535ac9e68f0ef
single,False,2,0,sleep,6,bf8717a55744bf7130e8c0ae21788062bdd07078d2c835a67bc97277ca057035,1,0.067904536,0.0674810000000001,0.014,6e081c1d78124c9720a6a4194419da338c07c7f3d65f395b1aed86680c28e746
single,False,2,0,sleep,6,bf8717a55744bf7130e8c0ae21788062bdd07078d2c835a67bc97277ca057035,2,0.068747355,0.06833499999999999,0.014,a7a1ec8a060dbf98078ccdead3489682680b2b27754634ee607744fef629e139
single,False,2,0,sleep,6,bf8717a55744bf7130e8c0ae21788062bdd07078d2c835a67bc97277ca057035,3,0.067578178,0.06713800000000034,0.014,be579c8ae0f4d87d7286103740557d21785d767a3185d9c1f63d38184d012e7e
single,False,2,0,sleep,6,bf8717a55744bf7130e8c0ae21788062bdd07078d2c835a67bc97277ca057035,4,0.069164161,0.06874999999999978,0.015,707f726807714b58823690a5965942373f9d6d233b070850778f225212d0cc2f
single,False,2,0,sleep,6,bf8717a55744bf7130e8c0ae21788062bdd07078d2c835a67bc97277ca057035,5,0.068270667,0.067853,0.015,455d1b60975806f0cb773ea29741dcdf5a17c0e8532c8234583161052cad6c48
single,False,2,1,notify,6,bf8717a55744bf7130e8c0ae21788062bdd07078d2c835a67bc97277ca057035,0,0.068333013,0.06791900000000026,0.015,abfc682792d888120bcdbbc230abf01c79829bd3e13cc8bed0f41816dae6005f
single,False,2,1,notify,6,bf8717a55744bf7130e8c0ae21788062bdd07078d2c835a67bc97277ca057035,1,0.068704365,0.06824500000000028,0.015,ea56944abddf40ceb3b41251e590b8eb03766d0183514ef09002fbb216be770a
single,False,2,1,notify,6,bf8717a55744bf7130e8c0ae21788062bdd07078d2c835a67bc97277ca057035,2,0.067956753,0.06748899999999973,0.014,577cda848c6d0caac3a7e8c209ce4ef1702e683bc11830fac8e086c5411a5e29
single,False,2,1,notify,6,bf8717a55744bf7130e8c0ae21788062bdd07078d2c835a67bc97277ca057035,3,0.067991328,0.06759000000000019,0.014,7062277c4e745f88da09e02be416af0e6524eb54b74c74ad3e4cbbecd9e7cb65
single,False,2,1,notify,6,bf8717a55744bf7130e8c0ae21788062bdd07078d2c835a67bc97277ca057035,4,0.068763635,0.0683679999999999,0.014,f133cb0df01bd2db1f6aa39feb05b9028b379d0ccc8deab725ffece31e09342b
single,False,2,1,notify,6,bf8717a55744bf7130e8c0ae21788062bdd07078d2c835a67bc97277ca057035,5,0.06712233,0.0666900000000001,0.014,7062277c4e745f88da09e02be416af0e6524eb54b74c74ad3e4cbbecd9e7cb65
single,False,3,0,notify,6,bf8717a55744bf7130e8c0ae21788062bdd07078d2c835a67bc97277ca057035,0,0.068564444,0.06815899999999991,0.014,2db5d2633c8ca1cf82f9e9e2e36efe1b500581b1648414498bc2597415a69701
single,False,3,0,notify,6,bf8717a55744bf7130e8c0ae21788062bdd07078d2c835a67bc97277ca057035,1,0.068021808,0.06758599999999992,0.015,f1fa71020f723fb3d57af6bd1e7a452e946201b08384e663e2133e05c48da495
single,False,3,0,notify,6,bf8717a55744bf7130e8c0ae21788062bdd07078d2c835a67bc97277ca057035,2,0.069049297,0.06792999999999999,0.014,84f3b27cfb0225f75b075c676268001f781da51d47cb0662a4f7201263e47cde
single,False,3,0,notify,6,bf8717a55744bf7130e8c0ae21788062bdd07078d2c835a67bc97277ca057035,3,0.068248881,0.06784699999999988,0.015,a05bf86a427b6af43e87e6acb5496a825398a2dc0e5f6288b0c9e55d2bb16c28
single,False,3,0,notify,6,bf8717a55744bf7130e8c0ae21788062bdd07078d2c835a67bc97277ca057035,4,0.074287057,0.07384800000000026,0.02,5cc5bee4cfbb907693239c804e8461fc7f1441f7e53f31cbcb443d77c287ee82
single,False,3,0,notify,6,bf8717a55744bf7130e8c0ae21788062bdd07078d2c835a67bc97277ca057035,5,0.06775637,0.06735100000000001,0.014,24d744c07a775cd21aa869c4bd35227949ff8c4f28c13780fafa2b8d528ea545
single,False,3,1,sleep,6,bf8717a55744bf7130e8c0ae21788062bdd07078d2c835a67bc97277ca057035,0,0.068446404,0.06799900000000005,0.014,a7a1ec8a060dbf98078ccdead3489682680b2b27754634ee607744fef629e139
single,False,3,1,sleep,6,bf8717a55744bf7130e8c0ae21788062bdd07078d2c835a67bc97277ca057035,1,0.068741815,0.06832299999999993,0.014,e927ffc8e54003b51d6e7dbcda8dcac7fe218ba260e97ee8e5ef03a73b795411
single,False,3,1,sleep,6,bf8717a55744bf7130e8c0ae21788062bdd07078d2c835a67bc97277ca057035,2,0.070210929,0.06982800000000003,0.015,a05bf86a427b6af43e87e6acb5496a825398a2dc0e5f6288b0c9e55d2bb16c28
single,False,3,1,sleep,6,bf8717a55744bf7130e8c0ae21788062bdd07078d2c835a67bc97277ca057035,3,0.068405197,0.06792799999999993,0.014,5a706eaa06b8896f07f5f9a0b6ecbd8672ff41c75aaf782655978f25dd3a596e
single,False,3,1,sleep,6,bf8717a55744bf7130e8c0ae21788062bdd07078d2c835a67bc97277ca057035,4,0.068392504,0.06795499999999992,0.014,166559d83c62900ce051fa299249719fcf6c35515d8607d2ea4dcc735fc3f30f
single,False,3,1,sleep,6,bf8717a55744bf7130e8c0ae21788062bdd07078d2c835a67bc97277ca057035,5,0.067067026,0.06665900000000004,0.014,5a706eaa06b8896f07f5f9a0b6ecbd8672ff41c75aaf782655978f25dd3a596e
single,False,4,0,sleep,6,bf8717a55744bf7130e8c0ae21788062bdd07078d2c835a67bc97277ca057035,0,0.068556699,0.06814899999999995,0.015,7cfeaf134809bcc13c714923c96c6647425b0053c3ae81222ac49b93a2916bc5
single,False,4,0,sleep,6,bf8717a55744bf7130e8c0ae21788062bdd07078d2c835a67bc97277ca057035,1,0.069233269,0.06883800000000005,0.015,cabe221e8e6048396f9eb87fa008e072b44ca5f5bcf0542e0dc1a0f922cedfc8
single,False,4,0,sleep,6,bf8717a55744bf7130e8c0ae21788062bdd07078d2c835a67bc97277ca057035,2,0.068507478,0.06810299999999987,0.014,a7a1ec8a060dbf98078ccdead3489682680b2b27754634ee607744fef629e139
single,False,4,0,sleep,6,bf8717a55744bf7130e8c0ae21788062bdd07078d2c835a67bc97277ca057035,3,0.068171723,0.06767199999999977,0.014,a7a1ec8a060dbf98078ccdead3489682680b2b27754634ee607744fef629e139
single,False,4,0,sleep,6,bf8717a55744bf7130e8c0ae21788062bdd07078d2c835a67bc97277ca057035,4,0.069890402,0.06947699999999983,0.015,80c52b17e12789a65912a677f79bec05f248f0ad132f254281d18088c4b08bef
single,False,4,0,sleep,6,bf8717a55744bf7130e8c0ae21788062bdd07078d2c835a67bc97277ca057035,5,0.068805944,0.06836800000000084,0.014,bfb53745595c384daf64ddea0d600d72ffc33f25de107505012dc636921ef166
single,False,4,1,notify,6,bf8717a55744bf7130e8c0ae21788062bdd07078d2c835a67bc97277ca057035,0,0.068939482,0.0685009999999999,0.014,6dc265f0547166f2afada7e0077c46e996d713da515427b7205e8e9c5df0226a
single,False,4,1,notify,6,bf8717a55744bf7130e8c0ae21788062bdd07078d2c835a67bc97277ca057035,1,0.067239869,0.06682800000000048,0.014,577cda848c6d0caac3a7e8c209ce4ef1702e683bc11830fac8e086c5411a5e29
single,False,4,1,notify,6,bf8717a55744bf7130e8c0ae21788062bdd07078d2c835a67bc97277ca057035,2,0.074425895,0.0740149999999997,0.014,47a76b139edb5a86bd38e1db6bfc72f1974ea96f50dcf8c43e22d6f82b998eb4
single,False,4,1,notify,6,bf8717a55744bf7130e8c0ae21788062bdd07078d2c835a67bc97277ca057035,3,0.068684387,0.0681950000000001,0.014,5a706eaa06b8896f07f5f9a0b6ecbd8672ff41c75aaf782655978f25dd3a596e
single,False,4,1,notify,6,bf8717a55744bf7130e8c0ae21788062bdd07078d2c835a67bc97277ca057035,4,0.069285947,0.06886300000000008,0.014,5a706eaa06b8896f07f5f9a0b6ecbd8672ff41c75aaf782655978f25dd3a596e
single,False,4,1,notify,6,bf8717a55744bf7130e8c0ae21788062bdd07078d2c835a67bc97277ca057035,5,0.067830488,0.0674450000000001,0.014,24d744c07a775cd21aa869c4bd35227949ff8c4f28c13780fafa2b8d528ea545
single,False,5,0,notify,6,bf8717a55744bf7130e8c0ae21788062bdd07078d2c835a67bc97277ca057035,0,0.069356659,0.06887799999999988,0.015,bae9b15ec92fc238d864e97f6272d34f4e12af1fe47b4a1648c9ae4d96bb3f25
single,False,5,0,notify,6,bf8717a55744bf7130e8c0ae21788062bdd07078d2c835a67bc97277ca057035,1,0.068228109,0.06778900000000054,0.014,6c181718f9aa7fe826ab3a9cf6292e0d990dd6c45980a5ce979b35cd24cf1fb3
single,False,5,0,notify,6,bf8717a55744bf7130e8c0ae21788062bdd07078d2c835a67bc97277ca057035,2,0.068759959,0.06832200000000035,0.014,a7a1ec8a060dbf98078ccdead3489682680b2b27754634ee607744fef629e139
single,False,5,0,notify,6,bf8717a55744bf7130e8c0ae21788062bdd07078d2c835a67bc97277ca057035,3,0.067125045,0.06674300000000005,0.014,577cda848c6d0caac3a7e8c209ce4ef1702e683bc11830fac8e086c5411a5e29
single,False,5,0,notify,6,bf8717a55744bf7130e8c0ae21788062bdd07078d2c835a67bc97277ca057035,4,0.069095001,0.06856700000000002,0.014,abc61c081c009ca273d61313aa5c6935c4edd70ba76b9feffa4ce76f8dbf4bdc
single,False,5,0,notify,6,bf8717a55744bf7130e8c0ae21788062bdd07078d2c835a67bc97277ca057035,5,0.069297388,0.06890600000000001,0.015,0b7cb5abf17d9cf126e7bde46fdc9a3dbb3b0c0a9d32dfdbd295c533c53a70bb
single,False,5,1,sleep,6,bf8717a55744bf7130e8c0ae21788062bdd07078d2c835a67bc97277ca057035,0,0.069142019,0.06871400000000025,0.014,c09aee290e3a0279eea21a87f5fb0cb6a603cea222c41f49419c508b922f96ed
single,False,5,1,sleep,6,bf8717a55744bf7130e8c0ae21788062bdd07078d2c835a67bc97277ca057035,1,0.068566428,0.06813500000000022,0.014,d94c28c0cbf355cd9a63580b7b01400d9d1f8db2d863176723a535ac9e68f0ef
single,False,5,1,sleep,6,bf8717a55744bf7130e8c0ae21788062bdd07078d2c835a67bc97277ca057035,2,0.070590445,0.07016300000000009,0.016,7af6f9f4c035c771a1aa9ceb58c225a5e422abfabdd435e855d79fe78d7f925b
single,False,5,1,sleep,6,bf8717a55744bf7130e8c0ae21788062bdd07078d2c835a67bc97277ca057035,3,0.069333746,0.06882700000000061,0.014,bfb53745595c384daf64ddea0d600d72ffc33f25de107505012dc636921ef166
single,False,5,1,sleep,6,bf8717a55744bf7130e8c0ae21788062bdd07078d2c835a67bc97277ca057035,4,0.068201908,0.06779099999999993,0.014,7780c9fb34b33a5814aceba6786af01c95e7ade277acc68659f75a58904dfa18
single,False,5,1,sleep,6,bf8717a55744bf7130e8c0ae21788062bdd07078d2c835a67bc97277ca057035,5,0.067760087,0.0673839999999998,0.014,cb7f38586c5df1ae027fd18da01c6faa6884b322964703ff302848df98ab1e21
single,True,0,0,sleep,5,7afff25e8c06d24e34e350bacc8cbbe8ef74478a3dc2503e923c4dd1fd547ba2,0,0.269505862,0.0882429999999996,0.209,ff457027d1b2d300d9dc3165bbbefc081d47565a47e0a38478066d73a2bd1962
single,True,0,0,sleep,5,7afff25e8c06d24e34e350bacc8cbbe8ef74478a3dc2503e923c4dd1fd547ba2,1,0.278394267,0.08757600000000024,0.216,c6431f63731a0d7f8d52e2b9b0c17668ad10aeec5c7a5fcaaa03534d1b46b7e0
single,True,0,0,sleep,5,7afff25e8c06d24e34e350bacc8cbbe8ef74478a3dc2503e923c4dd1fd547ba2,2,0.275931615,0.08605000000000043,0.214,f6b2add1fe77485a618ee76c366080f066173306de5a88a3409158277e30e4ed
single,True,0,0,sleep,5,7afff25e8c06d24e34e350bacc8cbbe8ef74478a3dc2503e923c4dd1fd547ba2,3,0.268727347,0.07815799999999998,0.213,fefe4f47c8150edb9df701d4b4e1fa5b23a8f11e4c9e4c95c2a5269773fb19f8
single,True,0,0,sleep,5,7afff25e8c06d24e34e350bacc8cbbe8ef74478a3dc2503e923c4dd1fd547ba2,4,0.274490667,0.0867729999999999,0.214,f6b2add1fe77485a618ee76c366080f066173306de5a88a3409158277e30e4ed
single,True,0,1,notify,5,7afff25e8c06d24e34e350bacc8cbbe8ef74478a3dc2503e923c4dd1fd547ba2,0,0.078559244,0.0792499999999994,0.024,075debee36d8dade65c840b4443ef75f83f39a7ca38e65bae7565930f0d2e10a
single,True,0,1,notify,5,7afff25e8c06d24e34e350bacc8cbbe8ef74478a3dc2503e923c4dd1fd547ba2,1,0.077944469,0.07810600000000059,0.023,f2b72aa5f91aa5c656c77dcfcd03a059c9dbfa5d9ee6076c4bd8769f7099c21f
single,True,0,1,notify,5,7afff25e8c06d24e34e350bacc8cbbe8ef74478a3dc2503e923c4dd1fd547ba2,2,0.076847878,0.07632700000000037,0.023,f2b72aa5f91aa5c656c77dcfcd03a059c9dbfa5d9ee6076c4bd8769f7099c21f
single,True,0,1,notify,5,7afff25e8c06d24e34e350bacc8cbbe8ef74478a3dc2503e923c4dd1fd547ba2,3,0.082119977,0.08187900000000026,0.028,c5b14f581ae20e302f011d5960693fabee408778842eb08316ae018b2e1c986f
single,True,0,1,notify,5,7afff25e8c06d24e34e350bacc8cbbe8ef74478a3dc2503e923c4dd1fd547ba2,4,0.07788456,0.07812699999999978,0.023,f2b72aa5f91aa5c656c77dcfcd03a059c9dbfa5d9ee6076c4bd8769f7099c21f
single,True,1,0,notify,5,7afff25e8c06d24e34e350bacc8cbbe8ef74478a3dc2503e923c4dd1fd547ba2,0,0.078012747,0.07847300000000046,0.024,075debee36d8dade65c840b4443ef75f83f39a7ca38e65bae7565930f0d2e10a
single,True,1,0,notify,5,7afff25e8c06d24e34e350bacc8cbbe8ef74478a3dc2503e923c4dd1fd547ba2,1,0.078063427,0.07830499999999929,0.024,075debee36d8dade65c840b4443ef75f83f39a7ca38e65bae7565930f0d2e10a
single,True,1,0,notify,5,7afff25e8c06d24e34e350bacc8cbbe8ef74478a3dc2503e923c4dd1fd547ba2,2,0.092615968,0.08234500000000003,0.038,00651b08891f18822d6c41e6f81c31c953df9dc4c71e359e5d55893a32702cdf
single,True,1,0,notify,5,7afff25e8c06d24e34e350bacc8cbbe8ef74478a3dc2503e923c4dd1fd547ba2,3,0.087277922,0.08675900000000006,0.024,075debee36d8dade65c840b4443ef75f83f39a7ca38e65bae7565930f0d2e10a
single,True,1,0,notify,5,7afff25e8c06d24e34e350bacc8cbbe8ef74478a3dc2503e923c4dd1fd547ba2,4,0.086852901,0.08579200000000015,0.024,075debee36d8dade65c840b4443ef75f83f39a7ca38e65bae7565930f0d2e10a
single,True,1,1,sleep,5,7afff25e8c06d24e34e350bacc8cbbe8ef74478a3dc2503e923c4dd1fd547ba2,0,0.262552451,0.08198399999999922,0.208,efad75f7dd20945993bd4baf10ce17b504115f1bb9a9657a515b2d3664e6de72
single,True,1,1,sleep,5,7afff25e8c06d24e34e350bacc8cbbe8ef74478a3dc2503e923c4dd1fd547ba2,1,0.261102048,0.08199999999999974,0.206,49081b0110756e1661184842aeef9574f803989c0c2436f6e73fa7eaadce845a
single,True,1,1,sleep,5,7afff25e8c06d24e34e350bacc8cbbe8ef74478a3dc2503e923c4dd1fd547ba2,2,0.269339175,0.08164600000000005,0.214,f6b2add1fe77485a618ee76c366080f066173306de5a88a3409158277e30e4ed
single,True,1,1,sleep,5,7afff25e8c06d24e34e350bacc8cbbe8ef74478a3dc2503e923c4dd1fd547ba2,3,0.268708671,0.07926200000000061,0.215,bc0c48537e7fbf0b939d5984ff6660363d3740ee5aacd530812f0838b7200e5a
single,True,1,1,sleep,5,7afff25e8c06d24e34e350bacc8cbbe8ef74478a3dc2503e923c4dd1fd547ba2,4,0.269002677,0.07987399999999956,0.214,f6b2add1fe77485a618ee76c366080f066173306de5a88a3409158277e30e4ed
single,True,2,0,sleep,5,7afff25e8c06d24e34e350bacc8cbbe8ef74478a3dc2503e923c4dd1fd547ba2,0,0.265041286,0.08133100000000021,0.211,dfc06bfc3a1a90b2e6b34aff637e066f69cc0ffc6b6ab2fab5e44571084f611a
single,True,2,0,sleep,5,7afff25e8c06d24e34e350bacc8cbbe8ef74478a3dc2503e923c4dd1fd547ba2,1,0.269906899,0.08365700000000059,0.215,bc0c48537e7fbf0b939d5984ff6660363d3740ee5aacd530812f0838b7200e5a
single,True,2,0,sleep,5,7afff25e8c06d24e34e350bacc8cbbe8ef74478a3dc2503e923c4dd1fd547ba2,2,0.27026018,0.07832800000000034,0.215,bc0c48537e7fbf0b939d5984ff6660363d3740ee5aacd530812f0838b7200e5a
single,True,2,0,sleep,5,7afff25e8c06d24e34e350bacc8cbbe8ef74478a3dc2503e923c4dd1fd547ba2,3,0.266401594,0.08280899999999952,0.211,dfc06bfc3a1a90b2e6b34aff637e066f69cc0ffc6b6ab2fab5e44571084f611a
single,True,2,0,sleep,5,7afff25e8c06d24e34e350bacc8cbbe8ef74478a3dc2503e923c4dd1fd547ba2,4,0.269657456,0.07857000000000014,0.216,c6431f63731a0d7f8d52e2b9b0c17668ad10aeec5c7a5fcaaa03534d1b46b7e0
single,True,2,1,notify,5,7afff25e8c06d24e34e350bacc8cbbe8ef74478a3dc2503e923c4dd1fd547ba2,0,0.086269776,0.08709199999999984,0.026,9c032042244eb9dbd451f2fb3d8a8871cba96559e72a2ceefbaff58cc1fe492a
single,True,2,1,notify,5,7afff25e8c06d24e34e350bacc8cbbe8ef74478a3dc2503e923c4dd1fd547ba2,1,0.084072456,0.083785,0.023,f2b72aa5f91aa5c656c77dcfcd03a059c9dbfa5d9ee6076c4bd8769f7099c21f
single,True,2,1,notify,5,7afff25e8c06d24e34e350bacc8cbbe8ef74478a3dc2503e923c4dd1fd547ba2,2,0.087758967,0.08748100000000059,0.025,213392e6e847c503392c2e3f810998001e79d8bc5aea812e7356e107f1d2c7d6
single,True,2,1,notify,5,7afff25e8c06d24e34e350bacc8cbbe8ef74478a3dc2503e923c4dd1fd547ba2,3,0.077914253,0.07818500000000023,0.024,075debee36d8dade65c840b4443ef75f83f39a7ca38e65bae7565930f0d2e10a
single,True,2,1,notify,5,7afff25e8c06d24e34e350bacc8cbbe8ef74478a3dc2503e923c4dd1fd547ba2,4,0.082401229,0.08185900000000007,0.028,c5b14f581ae20e302f011d5960693fabee408778842eb08316ae018b2e1c986f
single,True,3,0,notify,5,7afff25e8c06d24e34e350bacc8cbbe8ef74478a3dc2503e923c4dd1fd547ba2,0,0.079561238,0.08035199999999959,0.025,213392e6e847c503392c2e3f810998001e79d8bc5aea812e7356e107f1d2c7d6
single,True,3,0,notify,5,7afff25e8c06d24e34e350bacc8cbbe8ef74478a3dc2503e923c4dd1fd547ba2,1,0.079070916,0.07950999999999908,0.025,213392e6e847c503392c2e3f810998001e79d8bc5aea812e7356e107f1d2c7d6
single,True,3,0,notify,5,7afff25e8c06d24e34e350bacc8cbbe8ef74478a3dc2503e923c4dd1fd547ba2,2,0.079423993,0.08009199999999983,0.024,075debee36d8dade65c840b4443ef75f83f39a7ca38e65bae7565930f0d2e10a
single,True,3,0,notify,5,7afff25e8c06d24e34e350bacc8cbbe8ef74478a3dc2503e923c4dd1fd547ba2,3,0.076840364,0.07667100000000032,0.023,f2b72aa5f91aa5c656c77dcfcd03a059c9dbfa5d9ee6076c4bd8769f7099c21f
single,True,3,0,notify,5,7afff25e8c06d24e34e350bacc8cbbe8ef74478a3dc2503e923c4dd1fd547ba2,4,0.079189156,0.0799239999999991,0.025,213392e6e847c503392c2e3f810998001e79d8bc5aea812e7356e107f1d2c7d6
single,True,3,1,sleep,5,7afff25e8c06d24e34e350bacc8cbbe8ef74478a3dc2503e923c4dd1fd547ba2,0,0.275095885,0.0902870000000015,0.214,f6b2add1fe77485a618ee76c366080f066173306de5a88a3409158277e30e4ed
single,True,3,1,sleep,5,7afff25e8c06d24e34e350bacc8cbbe8ef74478a3dc2503e923c4dd1fd547ba2,1,0.269767939,0.08058600000000116,0.215,bc0c48537e7fbf0b939d5984ff6660363d3740ee5aacd530812f0838b7200e5a
single,True,3,1,sleep,5,7afff25e8c06d24e34e350bacc8cbbe8ef74478a3dc2503e923c4dd1fd547ba2,2,0.26914189,0.07900599999999991,0.214,f6b2add1fe77485a618ee76c366080f066173306de5a88a3409158277e30e4ed
single,True,3,1,sleep,5,7afff25e8c06d24e34e350bacc8cbbe8ef74478a3dc2503e923c4dd1fd547ba2,3,0.269768304,0.07943900000000115,0.215,bc0c48537e7fbf0b939d5984ff6660363d3740ee5aacd530812f0838b7200e5a
single,True,3,1,sleep,5,7afff25e8c06d24e34e350bacc8cbbe8ef74478a3dc2503e923c4dd1fd547ba2,4,0.274321549,0.08385499999999863,0.214,f6b2add1fe77485a618ee76c366080f066173306de5a88a3409158277e30e4ed
single,True,4,0,sleep,5,7afff25e8c06d24e34e350bacc8cbbe8ef74478a3dc2503e923c4dd1fd547ba2,0,0.27571354,0.09127600000000025,0.213,fefe4f47c8150edb9df701d4b4e1fa5b23a8f11e4c9e4c95c2a5269773fb19f8
single,True,4,0,sleep,5,7afff25e8c06d24e34e350bacc8cbbe8ef74478a3dc2503e923c4dd1fd547ba2,1,0.270942908,0.07943899999999876,0.217,66312f55c83adc73657cfa77774fa8bd2de8df8317b962407bac375e3edb0048
single,True,4,0,sleep,5,7afff25e8c06d24e34e350bacc8cbbe8ef74478a3dc2503e923c4dd1fd547ba2,2,0.271933705,0.08063399999999932,0.216,c6431f63731a0d7f8d52e2b9b0c17668ad10aeec5c7a5fcaaa03534d1b46b7e0
single,True,4,0,sleep,5,7afff25e8c06d24e34e350bacc8cbbe8ef74478a3dc2503e923c4dd1fd547ba2,3,0.272073249,0.08284600000000109,0.217,66312f55c83adc73657cfa77774fa8bd2de8df8317b962407bac375e3edb0048
single,True,4,0,sleep,5,7afff25e8c06d24e34e350bacc8cbbe8ef74478a3dc2503e923c4dd1fd547ba2,4,0.269306902,0.08473299999999784,0.215,bc0c48537e7fbf0b939d5984ff6660363d3740ee5aacd530812f0838b7200e5a
single,True,4,1,notify,5,7afff25e8c06d24e34e350bacc8cbbe8ef74478a3dc2503e923c4dd1fd547ba2,0,0.080608487,0.08149100000000081,0.025,213392e6e847c503392c2e3f810998001e79d8bc5aea812e7356e107f1d2c7d6
single,True,4,1,notify,5,7afff25e8c06d24e34e350bacc8cbbe8ef74478a3dc2503e923c4dd1fd547ba2,1,0.090981593,0.09057400000000093,0.028,c5b14f581ae20e302f011d5960693fabee408778842eb08316ae018b2e1c986f
single,True,4,1,notify,5,7afff25e8c06d24e34e350bacc8cbbe8ef74478a3dc2503e923c4dd1fd547ba2,2,0.084022613,0.08494600000000113,0.024,075debee36d8dade65c840b4443ef75f83f39a7ca38e65bae7565930f0d2e10a
single,True,4,1,notify,5,7afff25e8c06d24e34e350bacc8cbbe8ef74478a3dc2503e923c4dd1fd547ba2,3,0.085967272,0.08679699999999912,0.025,213392e6e847c503392c2e3f810998001e79d8bc5aea812e7356e107f1d2c7d6
single,True,4,1,notify,5,7afff25e8c06d24e34e350bacc8cbbe8ef74478a3dc2503e923c4dd1fd547ba2,4,0.083422576,0.08323000000000064,0.024,075debee36d8dade65c840b4443ef75f83f39a7ca38e65bae7565930f0d2e10a
single,True,5,0,notify,5,7afff25e8c06d24e34e350bacc8cbbe8ef74478a3dc2503e923c4dd1fd547ba2,0,0.080199486,0.08098900000000098,0.025,213392e6e847c503392c2e3f810998001e79d8bc5aea812e7356e107f1d2c7d6
single,True,5,0,notify,5,7afff25e8c06d24e34e350bacc8cbbe8ef74478a3dc2503e923c4dd1fd547ba2,1,0.07628395,0.0760589999999991,0.023,f2b72aa5f91aa5c656c77dcfcd03a059c9dbfa5d9ee6076c4bd8769f7099c21f
single,True,5,0,notify,5,7afff25e8c06d24e34e350bacc8cbbe8ef74478a3dc2503e923c4dd1fd547ba2,2,0.080458192,0.08102299999999973,0.025,213392e6e847c503392c2e3f810998001e79d8bc5aea812e7356e107f1d2c7d6
single,True,5,0,notify,5,7afff25e8c06d24e34e350bacc8cbbe8ef74478a3dc2503e923c4dd1fd547ba2,3,0.078017971,0.07862000000000047,0.025,213392e6e847c503392c2e3f810998001e79d8bc5aea812e7356e107f1d2c7d6
single,True,5,0,notify,5,7afff25e8c06d24e34e350bacc8cbbe8ef74478a3dc2503e923c4dd1fd547ba2,4,0.080451125,0.08034000000000052,0.024,075debee36d8dade65c840b4443ef75f83f39a7ca38e65bae7565930f0d2e10a
single,True,5,1,sleep,5,7afff25e8c06d24e34e350bacc8cbbe8ef74478a3dc2503e923c4dd1fd547ba2,0,0.272724694,0.0865799999999991,0.213,fefe4f47c8150edb9df701d4b4e1fa5b23a8f11e4c9e4c95c2a5269773fb19f8
single,True,5,1,sleep,5,7afff25e8c06d24e34e350bacc8cbbe8ef74478a3dc2503e923c4dd1fd547ba2,1,0.26978794,0.08231600000000028,0.215,bc0c48537e7fbf0b939d5984ff6660363d3740ee5aacd530812f0838b7200e5a
single,True,5,1,sleep,5,7afff25e8c06d24e34e350bacc8cbbe8ef74478a3dc2503e923c4dd1fd547ba2,2,0.277669681,0.08245600000000008,0.223,012292c664b88cd429b0dbcdd5409f5639625ce276b81ffffaaad18607ac5281
single,True,5,1,sleep,5,7afff25e8c06d24e34e350bacc8cbbe8ef74478a3dc2503e923c4dd1fd547ba2,3,0.270754912,0.08358900000000002,0.216,c6431f63731a0d7f8d52e2b9b0c17668ad10aeec5c7a5fcaaa03534d1b46b7e0
single,True,5,1,sleep,5,7afff25e8c06d24e34e350bacc8cbbe8ef74478a3dc2503e923c4dd1fd547ba2,4,0.267758596,0.08244699999999994,0.213,fefe4f47c8150edb9df701d4b4e1fa5b23a8f11e4c9e4c95c2a5269773fb19f8
openings-16,False,0,0,sleep,1,e9cdb3b5cb1c810e7485a1413a2dfcc0ae21215b1d9e57705339a22cfe30dc44,0,0.801338913,0.8008759999999997,0.179,9e2a00f8009735de3d58f591b21920d295537d12cddd448bc1fc989962e433ef
openings-16,False,0,1,notify,1,e9cdb3b5cb1c810e7485a1413a2dfcc0ae21215b1d9e57705339a22cfe30dc44,0,0.785674686,0.7851200000000004,0.179,8a43d85785cd848dbe84a964e4efff3a69cbf9955db6e829d4bffea9c98e81ce
openings-16,False,1,0,notify,1,e9cdb3b5cb1c810e7485a1413a2dfcc0ae21215b1d9e57705339a22cfe30dc44,0,0.802516422,0.8021409999999978,0.179,988d4c49912a982e62bdb7cc48d44d605443ae58ca1680231fb1970d44afcd6c
openings-16,False,1,1,sleep,1,e9cdb3b5cb1c810e7485a1413a2dfcc0ae21215b1d9e57705339a22cfe30dc44,0,0.792856137,0.7923090000000018,0.179,356bb6c66ee7ebfde316bb4d1f6e219dba0228c4da847c320301b07b6701fd30
openings-16,False,2,0,sleep,1,e9cdb3b5cb1c810e7485a1413a2dfcc0ae21215b1d9e57705339a22cfe30dc44,0,0.790550745,0.7900370000000015,0.178,315fb8e849c4c4556971a41cd13f225fa750a6ebfd9fbedd4850e0f306cf7260
openings-16,False,2,1,notify,1,e9cdb3b5cb1c810e7485a1413a2dfcc0ae21215b1d9e57705339a22cfe30dc44,0,0.788259391,0.7877209999999988,0.179,b0522378e732e2c3a06939c175e18c40f5723a29e5d77e4eb174f0dfe455c8e5
openings-16,False,3,0,notify,1,e9cdb3b5cb1c810e7485a1413a2dfcc0ae21215b1d9e57705339a22cfe30dc44,0,0.787324116,0.7867109999999995,0.18,a815273a2b86430a780620ce63e04181e82dc98cd34a8bd288be596d7a0cbcf2
openings-16,False,3,1,sleep,1,e9cdb3b5cb1c810e7485a1413a2dfcc0ae21215b1d9e57705339a22cfe30dc44,0,0.792525564,0.7920069999999985,0.178,104cb95984febc3156272aeb1a4b96a4d55c4e4308c657fc9a0e3dcfc6c4f404
openings-16,False,4,0,sleep,1,e9cdb3b5cb1c810e7485a1413a2dfcc0ae21215b1d9e57705339a22cfe30dc44,0,0.796927307,0.7963880000000007,0.179,7e918f06f1373dd70c054bd41e25996ed567af49562401e3579c425232aeb0cc
openings-16,False,4,1,notify,1,e9cdb3b5cb1c810e7485a1413a2dfcc0ae21215b1d9e57705339a22cfe30dc44,0,0.789409575,0.7889040000000015,0.178,5cc5e8f62499e21154703f708253baf2c14f22fcbba0a4278c5f9351341d2a6d
openings-16,False,5,0,notify,1,e9cdb3b5cb1c810e7485a1413a2dfcc0ae21215b1d9e57705339a22cfe30dc44,0,0.791218194,0.7907269999999973,0.179,a8f87a9b2f6cacd6dfe18c5af043c5ecfab8a8ff2dbc8e20c95a38d0ee46b979
openings-16,False,5,1,sleep,1,e9cdb3b5cb1c810e7485a1413a2dfcc0ae21215b1d9e57705339a22cfe30dc44,0,0.798099583,0.7975730000000029,0.178,f079693dac4012f6cd24a6ed40180c85216b86e2b4fcd13cde95fa84a38f6dbc
openings-16,True,0,0,sleep,1,27757b99968fe0256d0d2218c91653ed0f5788366aeb356b2dfe44f10b9fe4d1,0,1.482489597,0.8433259999999994,0.87,672b9b7e9c44b83ed966fa306cb10fba4b23b4f46b77918e2d6feaeb1495a7f9
openings-16,True,0,1,notify,1,27757b99968fe0256d0d2218c91653ed0f5788366aeb356b2dfe44f10b9fe4d1,0,0.823741882,0.8256870000000018,0.218,71ab666fa54ca15dab567d347f99fa19a8128aa46563e16751400b3633ec2925
openings-16,True,1,0,notify,1,27757b99968fe0256d0d2218c91653ed0f5788366aeb356b2dfe44f10b9fe4d1,0,0.83018723,0.8304710000000007,0.222,8ce5eeecfed6ab43d153331a70e1b129da5c41707a90221fc501d806d16ac8f1
openings-16,True,1,1,sleep,1,27757b99968fe0256d0d2218c91653ed0f5788366aeb356b2dfe44f10b9fe4d1,0,1.483228056,0.8468570000000013,0.869,a1ad7e972563e00039f847c854c3186c3149e3626af42558c16b64ce9d922f93
openings-16,True,2,0,sleep,1,27757b99968fe0256d0d2218c91653ed0f5788366aeb356b2dfe44f10b9fe4d1,0,1.484229829,0.847824999999997,0.871,5d0dccaf86c33ba559273c35c664a621e378231bebeed1ff462d75f4e9e7fd8a
openings-16,True,2,1,notify,1,27757b99968fe0256d0d2218c91653ed0f5788366aeb356b2dfe44f10b9fe4d1,0,0.836592121,0.8407460000000011,0.226,c889e3deaa60f23c4ad5c0376e8ff5d886ad548b65f0c5553c9b52d7e4c37749
openings-16,True,3,0,notify,1,27757b99968fe0256d0d2218c91653ed0f5788366aeb356b2dfe44f10b9fe4d1,0,0.838127253,0.8423519999999997,0.225,71fcc2c383a3dee9052169d75b9c5d54528a96e5a60174543be96699c9b23d9d
openings-16,True,3,1,sleep,1,27757b99968fe0256d0d2218c91653ed0f5788366aeb356b2dfe44f10b9fe4d1,0,1.492768952,0.8577919999999969,0.872,446d698f70d4f28900bc448e966ebc8e7e80ee2d03293cfbaae767e2fa49666c
openings-16,True,4,0,sleep,1,27757b99968fe0256d0d2218c91653ed0f5788366aeb356b2dfe44f10b9fe4d1,0,1.488123482,0.8503969999999987,0.874,951b44a7e86645d052740f329ac439316b87e3ee1676c4b061f3954c5280de7f
openings-16,True,4,1,notify,1,27757b99968fe0256d0d2218c91653ed0f5788366aeb356b2dfe44f10b9fe4d1,0,0.827947675,0.8283620000000022,0.216,69f825f1478d25f83ab9cf30f02fb8b1df5f12f54ee7c63cda5e30d22ea67863
openings-16,True,5,0,notify,1,27757b99968fe0256d0d2218c91653ed0f5788366aeb356b2dfe44f10b9fe4d1,0,0.833558437,0.8382590000000024,0.226,c889e3deaa60f23c4ad5c0376e8ff5d886ad548b65f0c5553c9b52d7e4c37749
openings-16,True,5,1,sleep,1,27757b99968fe0256d0d2218c91653ed0f5788366aeb356b2dfe44f10b9fe4d1,0,1.487770661,0.8543999999999985,0.874,951b44a7e86645d052740f329ac439316b87e3ee1676c4b061f3954c5280de7f
mixed-16,False,0,0,sleep,1,0a10f859e20d38bad0699318fd12c4f5d48aeb26da799ae4fa31355254b18771,0,0.601178545,0.6006919999999956,0.136,452f7294a0ea733c8d745f7119bc71db090cdcbcf652575f94bf5f9b94d43c30
mixed-16,False,0,1,notify,1,0a10f859e20d38bad0699318fd12c4f5d48aeb26da799ae4fa31355254b18771,0,0.594948532,0.594523000000003,0.132,794df640ba0d517743704ca70c8eb5c7a14cad011ae87a70c1e0cc7ad6b6402f
mixed-16,False,1,0,notify,1,0a10f859e20d38bad0699318fd12c4f5d48aeb26da799ae4fa31355254b18771,0,0.592182855,0.5916879999999967,0.133,25cd0d4a4bc39626c5fc21b5ab5a113c8c26e7513962784de8da5219617e71bb
mixed-16,False,1,1,sleep,1,0a10f859e20d38bad0699318fd12c4f5d48aeb26da799ae4fa31355254b18771,0,0.60053848,0.6000570000000014,0.132,1e88c55f152d9cd1f9527be578fd9f61dc30527520c6475481ff17ad555e19bb
mixed-16,False,2,0,sleep,1,0a10f859e20d38bad0699318fd12c4f5d48aeb26da799ae4fa31355254b18771,0,0.594780826,0.5943189999999963,0.132,7b62c3fe2cbbd95fd4f56f3874b07dccc33592ca059e665ec9d3fa84849dda08
mixed-16,False,2,1,notify,1,0a10f859e20d38bad0699318fd12c4f5d48aeb26da799ae4fa31355254b18771,0,0.594726402,0.5942510000000045,0.133,8560cfb825c5655f6ea2137f0263873b44a24478a19bb11a89a1ca0759fb0070
mixed-16,False,3,0,notify,1,0a10f859e20d38bad0699318fd12c4f5d48aeb26da799ae4fa31355254b18771,0,0.59404189,0.5935650000000003,0.133,ec54a2eab0582f831a2cecd5fa373553877e08b54a5abb8271db869aba2cf2fa
mixed-16,False,3,1,sleep,1,0a10f859e20d38bad0699318fd12c4f5d48aeb26da799ae4fa31355254b18771,0,0.598808033,0.5983619999999972,0.132,8fd7efae5fa80cd2f304faf81431fe3950002ef2672ee5a057be35a008c7afc6
mixed-16,False,4,0,sleep,1,0a10f859e20d38bad0699318fd12c4f5d48aeb26da799ae4fa31355254b18771,0,0.600204568,0.5997660000000025,0.132,9d25eb9f57e34352e4e3dda618779ed447717706ea1b6706b20df5553f07d26a
mixed-16,False,4,1,notify,1,0a10f859e20d38bad0699318fd12c4f5d48aeb26da799ae4fa31355254b18771,0,0.594742643,0.5942750000000011,0.132,8fa80675198d9cfd410fee4af85faa00c5cf5765ccb3c0607f13c84897fdb5ae
mixed-16,False,5,0,notify,1,0a10f859e20d38bad0699318fd12c4f5d48aeb26da799ae4fa31355254b18771,0,0.595367222,0.5947909999999949,0.133,67d55caba532e28d4b79450336a14cbdcacf30ff19ace97363e74f27e07f1130
mixed-16,False,5,1,sleep,1,0a10f859e20d38bad0699318fd12c4f5d48aeb26da799ae4fa31355254b18771,0,0.597863161,0.5973460000000008,0.131,d64b3ac938408351178677012480aaa7a39f57d0cc241a330a5efd4169faab2d
mixed-16,True,0,0,sleep,1,195d9ea49faea576ce2a2c87c2cd31ca759a3c1a837344f3cece6ee35993a9ab,0,1.099437367,0.6512729999999969,0.627,2d91e3f2661782683a8eb9674cb016271b1cc19f14fdc625e698f92f750632a4
mixed-16,True,0,1,notify,1,195d9ea49faea576ce2a2c87c2cd31ca759a3c1a837344f3cece6ee35993a9ab,0,0.635801539,0.6335330000000069,0.164,509ccae406064a61ce6081baae0ddf22ec0d8b9a168310f70ef3bb38f71f49f4
mixed-16,True,1,0,notify,1,195d9ea49faea576ce2a2c87c2cd31ca759a3c1a837344f3cece6ee35993a9ab,0,0.637637962,0.6386479999999997,0.164,509ccae406064a61ce6081baae0ddf22ec0d8b9a168310f70ef3bb38f71f49f4
mixed-16,True,1,1,sleep,1,195d9ea49faea576ce2a2c87c2cd31ca759a3c1a837344f3cece6ee35993a9ab,0,1.096808239,0.6470830000000031,0.628,2906c796b28070c684e426f07f087c1ac5eb977bdba868dc7932a3ef8b7c9159
mixed-16,True,2,0,sleep,1,195d9ea49faea576ce2a2c87c2cd31ca759a3c1a837344f3cece6ee35993a9ab,0,1.100832132,0.6534909999999978,0.625,33d2c6501930cee740028f6a7362d2a0b9eeb8a17c256e8e897e7c90d308508b
mixed-16,True,2,1,notify,1,195d9ea49faea576ce2a2c87c2cd31ca759a3c1a837344f3cece6ee35993a9ab,0,0.637845957,0.6262410000000027,0.177,bff1ee5b4c166920ffd73ce3c662c155c72745ca6781061982940060b09f7ede
mixed-16,True,3,0,notify,1,195d9ea49faea576ce2a2c87c2cd31ca759a3c1a837344f3cece6ee35993a9ab,0,0.632572264,0.6354209999999995,0.169,6391328f4ce3e0e564082e2b628e1f76ba541a72030358f04a8cea10fbdaca38
mixed-16,True,3,1,sleep,1,195d9ea49faea576ce2a2c87c2cd31ca759a3c1a837344f3cece6ee35993a9ab,0,1.098011693,0.6501130000000035,0.632,da4e726a22edd19f129ebe3d312bca7a08824d3dba5ace8e6b1e98cf3ac19917
mixed-16,True,4,0,sleep,1,195d9ea49faea576ce2a2c87c2cd31ca759a3c1a837344f3cece6ee35993a9ab,0,1.099063288,0.651470999999996,0.634,c7e0e0a7b94db98d76cc9248d9b3ee47516999202a7c06ae7a1f8308da3f406a
mixed-16,True,4,1,notify,1,195d9ea49faea576ce2a2c87c2cd31ca759a3c1a837344f3cece6ee35993a9ab,0,0.625900169,0.626469,0.163,0facc8c32ec1ae3a3f24c0d1011f358bae96b2863d005f1f9a9fcb5eb27a4bcf
mixed-16,True,5,0,notify,1,195d9ea49faea576ce2a2c87c2cd31ca759a3c1a837344f3cece6ee35993a9ab,0,0.627056536,0.6261440000000057,0.162,3e913af37d9750b26ec8acdfdecaf812889cf7d3adb9634a222928e876818a83
mixed-16,True,5,1,sleep,1,195d9ea49faea576ce2a2c87c2cd31ca759a3c1a837344f3cece6ee35993a9ab,0,1.09266593,0.6456729999999945,0.627,2d91e3f2661782683a8eb9674cb016271b1cc19f14fdc625e698f92f750632a4
